prot_seq,locus_NCBI_ID,UniProt_ID,struct_prot_type,gene_name,name_rank,dna_seq,tax_ref,tax_db,species,genus,family,order_tax,phylum,class_tax,strain,pdb_id,pdb_acc_1,pdb_acc_2,pdb_acc_3,path_id,KO_ref
MHLARVTGVVVSTQKSPSLVGKKLLLVRRVSADGELPASPVSGDEVAVDSVGAGTGELVLLSSGSSARHVFSGPNEAIDLAIVGIVDTLSR,JMV71_RS09440,P0DUV6,BMC-P,pduN,1,ATGCATCTGGCACGGGTTACAGGCGTTGTGGTTTCCACGCAAAAATCTCCATCACTGGTGGGGAAGAAACTGTTGCTGGTACGTCGGGTGAGTGCGGACGGAGAACTTCCCGCGTCCCCTGTGAGTGGAGATGAAGTCGCGGTTGATTCTGTCGGCGCTGGAACTGGAGAACTGGTATTACTCAGCAGTGGCTCCAGCGCCAGACACGTTTTTTCCGGCCCTAATGAGGCCATCGATCTGGCTATCGTCGGCATTGTCGACACGCTTTCTCGTTAG,546,NCBI,Citrobacter freundii,Citrobacter,Enterobacteriaceae,Enterobacterales,Pseudomonadota,Gammaproteobacteria,.,.,.,.,.,1,K27269
MADALGMIEVRGFVGMVEAADAMVKAAKVELIGYEKTGGGYVTAVVRGDVAAVKAATEAGQRAAERVGEVVAVHVIPRPHVNVDAALPLGRTPGMDKSA,HOCH_RS28905,D0LID5,BMC-H,hoch_5815,1,ATGGCGGACGCACTGGGTATGATTGAAGTTCGTGGTTTTGTTGGTATGGTGGAAGCGGCGGATGCTATGGTGAAAGCGGCTAAAGTTGAACTGATTGGTTATGAAAAAACCGGCGGTGGCTACGTGACGGCAGTGGTTCGTGGTGATGTCGCAGCAGTTAAGGCAGCTACCGAAGCCGGTCAGCGTGCAGCAGAACGTGTTGGTGAAGTCGTGGCAGTTCATGTCATCCCGCGTCCGCACGTGAACGTTGATGCAGCTCTGCCGCTGGGTCGTACGCCGGGTATGGACAAAAGCGCGTAA,502025,NCBI,Haliangium ochraceum,Haliangium,Kofleriaceae,Haliangiales,Myxococcota,Myxococcia,DSM 14365,1,6NLU,5DJB,.,null,null
MHLARVTGVVVSTQKSPSLVGKKLLLVRRVSADGELPASPVSGDEVAVDSVGAGTGELVLLSSGSSARHVFSGPNEAIDLAIVGIVDTLSR,JMV71_RS09440,P0DUV6,BMC-P,Bacterial microcompartment shell vertex protein PduN,2,ATGCATCTGGCACGGGTTACAGGCGTTGTGGTTTCCACGCAAAAATCTCCATCACTGGTGGGGAAGAAACTGTTGCTGGTACGTCGGGTGAGTGCGGACGGAGAACTTCCCGCGTCCCCTGTGAGTGGAGATGAAGTCGCGGTTGATTCTGTCGGCGCTGGAACTGGAGAACTGGTATTACTCAGCAGTGGCTCCAGCGCCAGACACGTTTTTTCCGGCCCTAATGAGGCCATCGATCTGGCTATCGTCGGCATTGTCGACACGCTTTCTCGTTAG,546,NCBI,Citrobacter freundii,Citrobacter,Enterobacteriaceae,Enterobacterales,Pseudomonadota,Gammaproteobacteria,.,.,.,.,.,1,K27269
MNTSELETLIRNILSEQLAPAKAEVKGNGIFPSVSEAIDAAHQAFLRYQQCPLKTRSAIINALREELTPHLASLAAESAAETGMGNKEDKFLKNKAALDNTPGIEDLTTTALTGDGGMVLFEYSPFGVIGSVAPSTNPTETIINNSISMLAAGNSVYFSPHPGAKAVSLKLITMIEDIAFRCCGIRNLVVTVTEPTFEATQQMMAHPKIAVLAITGGPGIVAMGMKSGKKVIGAGAGNPPCIVDETADLVKAAEDIINGASFDFNLPCIAEKSLIVVDAVAERLVQQMQSFGAMRLNSEEIDKLRAVCLPEGIANKQLVGKSPATLLEAAGIPVPAKAPRLLIGIVKADDPWVTSEQLMPMLPIVTVSDFDSALTLALKVEEGLHHTAIMHSQNVSRLNLAARTLQTSIFVKNGPSYAGIGVGGEGFTTFTIATPTGEGTTSARTFARSRRCVLTNGFSIR,JMV71_RS09430,B1VB75,No structural,Propanal dehydrogenase,2,ATGAACACTTCAGAACTTGAAACCCTTATTCGTAACATTTTGAGTGAGCAACTTGCCCCGGCAAAAGCAGAAGTTAAGGGTAATGGAATTTTTCCGTCCGTTAGCGAAGCGATCGATGCCGCTCATCAGGCTTTTCTGCGTTATCAGCAATGTCCATTGAAAACCCGCAGCGCCATCATTAACGCCCTGCGAGAAGAGCTGACGCCTCACCTTGCTTCATTGGCTGCTGAAAGCGCTGCCGAAACGGGAATGGGCAACAAAGAGGATAAGTTCCTTAAAAATAAAGCTGCGTTGGACAATACCCCGGGCATCGAAGATCTCACCACCACGGCGCTTACTGGCGACGGCGGCATGGTGTTATTCGAGTATTCACCCTTTGGCGTGATTGGTTCCGTCGCCCCCAGTACCAACCCGACTGAAACCATTATTAACAACAGCATCAGTATGCTGGCTGCGGGAAATAGCGTTTATTTTAGCCCACATCCAGGTGCAAAAGCGGTCTCACTGAAGCTGATTACCATGATTGAAGATATTGCTTTTCGCTGCTGCGGGATTCGGAATCTTGTCGTCACGGTCACAGAACCCACTTTTGAGGCTACCCAGCAGATGATGGCGCACCCTAAAATCGCAGTTCTGGCGATTACCGGTGGTCCAGGCATTGTTGCTATGGGCATGAAAAGCGGGAAAAAAGTCATTGGCGCAGGCGCAGGTAATCCTCCCTGCATTGTTGATGAAACAGCCGACCTGGTTAAGGCGGCGGAAGATATCATCAATGGCGCATCCTTTGATTTCAACCTCCCCTGCATTGCTGAGAAGAGCCTGATTGTTGTTGATGCCGTTGCTGAACGACTGGTTCAACAAATGCAGTCTTTTGGCGCGATGCGACTCAATAGCGAAGAGATAGACAAACTGCGCGCAGTTTGTCTGCCAGAAGGAATAGCCAATAAACAACTGGTAGGGAAAAGCCCGGCAACCTTACTGGAAGCCGCGGGAATACCGGTTCCGGCAAAAGCACCTCGATTACTGATAGGTATCGTCAAGGCTGACGACCCATGGGTTACCAGCGAGCAACTGATGCCAATGCTCCCCATCGTAACGGTGAGCGATTTTGACAGCGCGTTAACGTTGGCCCTGAAGGTTGAAGAGGGATTGCATCACACCGCCATTATGCATTCGCAAAATGTGTCACGTCTGAACCTTGCCGCGCGCACGCTTCAGACCTCCATTTTTGTGAAAAATGGCCCCTCTTATGCTGGGATTGGCGTTGGTGGTGAAGGCTTTACCACCTTCACCATTGCAACGCCGACCGGCGAAGGAACGACATCTGCGCGCACTTTCGCACGCTCTCGTCGTTGCGTGCTGACAAACGGTTTTTCTATTCGCTAA,546,NCBI,Citrobacter freundii,Citrobacter,Enterobacteriaceae,Enterobacterales,Pseudomonadota,Gammaproteobacteria,.,.,.,.,.,2,K13922
MAHDEQLWLTPRLQKAAALCNQTPAASDTPLWLGVDLGTCDVVSMVVDGNAQPVAVCLDWADVVRDGIVWDFFGAVTLVRRHLDTLEQQLGCRFTHAATSFPPGTDPRISINVLESAGLEVSHVLDEPTAVADLLALDNAGVVDIGGGTTGIAIVKQGKVTYSADEATGGHHISLTLAGNRRIPLEEAEQYKRSNAQEIWPVVKPVYEKMAEIVARHIEGQGIADLWLAGGSCMQPGVEALFRQRFPELQVHLPQHSLFMTPLAIANSGRAKAEGLYAS,STM2462,P0A206,No structural,Ethanolamine utilization protein EutJ,2,TCAGCTTGCATAGAGTCCCTCCGCTTTCGCTCTCCCGCTGTTGGCTATCGCCAGCGGGGTCATAAACAGGCTGTGCTGCGGCAAATGCACCTGTAACTCCGGGAAACGCTGGCGAAATAACGCCTCCACGCCCGGCTGCATACAGGAGCCGCCCGCCAGCCATAAATCAGCAATTCCTTGCCCTTCAATGTGGCGAGCAACGATTTCCGCCATCTTTTCGTACACCGGCTTCACTACCGGCCAAATCTCCTGCGCATTGCTGCGCTTGTACTGTTCCGCCTCTTCCAGGGGAATACGGCGGTTGCCCGCCAGCGTCAGGGAGATATGGTGCCCGCCAGTGGCTTCATCGGCGGAGTAAGTCACCTTGCCCTGTTTGACGATGGCAATGCCGGTAGTGCCGCCGCCAATATCCACCACGCCTGCATTATCAAGCGCCAGCAGATCCGCTACCGCCGTCGGTTCATCCAGTACATGGCTGACTTCTAACCCGGCAGACTCCAGCACGTTGATCGAAATACGCGGGTCGGTGCCTGGCGGAAACGAGGTCGCCGCGTGGGTAAAGCGGCAGCCGAGCTGCTGTTCAAGGGTGTCGAGATGGCGGCGCACGAGGGTGACGGCGCCGAAGAAATCCCAGACGATGCCGTCACGCACAACGTCGGCCCAGTCAAGGCATACCGCCACCGGCTGGGCGTTGCCGTCGACCACCATCGACACCACGTCGCAGGTGCCCAAATCGACGCCCAGCCACAGCGGTGTATCGCTGGCGGCGGGCGTCTGGTTACACAGGGCCGCCGCTTTTTGCAGTCTTGGGGTGAGCCAGAGTTGTTCGTCGTGCGCCAT,99287,NCBI,Salmonella typhimurium,Salmonella,Enterobacteriaceae,Enterobacterales,Pseudomonadota,Gammaproteobacteria,LT2 / SGSC1412 / ATCC 700720,.,.,.,.,3,K04024
MPALDLIRPSVTAMRVIASVNDGFARELKLPPHIRSLGLITADSDDVTYIAADEATKQAMVEVVYGRSLYAGAAHGPSPTAGEVLIMLGGPNPAEVRAGLDAMVASIENGAAFQWANDAENTAFLAHVVSRTGSYLSSTAGIALGDPMAYLVAPPLEATFGIDAAMKSADVQLVTYVPPPSETNYSAAFLTGSQAACKACNAFTDAVLDIARNPVQRA,STM2456,P0A1C9,BMC-T,Bacterial microcompartment shell protein EutL,2,ATGCCTGCATTAGATTTAATTCGACCTTCCGTGACTGCCATGCGCGTGATTGCCTCCGTGAATGACGGCTTTGCGCGGGAACTTAAATTACCGCCACATATACGTAGTCTCGGACTCATCACGGCAGATTCTGATGATGTGACCTATATTGCCGCTGACGAAGCGACAAAACAGGCGATGGTGGAAGTGGTCTATGGCCGCTCCCTCTATGCCGGGGCGGCTCACGGGCCGTCGCCTACCGCTGGTGAGGTGTTGATTATGCTGGGCGGACCGAACCCGGCGGAAGTGCGCGCCGGTCTGGATGCAATGGTCGCCAGCATTGAAAACGGCGCGGCGTTCCAGTGGGCGAACGATGCGGAAAATACCGCATTCCTGGCGCATGTGGTTTCGCGTACCGGCTCGTACCTCTCGTCTACCGCAGGTATCGCGCTGGGCGATCCAATGGCCTACCTGGTGGCGCCGCCGCTGGAAGCGACATTCGGCATTGACGCGGCGATGAAATCCGCTGACGTTCAGCTGGTGACTTACGTGCCGCCGCCGTCGGAAACCAACTATTCGGCCGCGTTCTTAACCGGAAGCCAGGCCGCGTGTAAAGCCGCCTGCAACGCCTTTACCGACGCCGTGCTGGATATCGCCCGTAACCCTGTCCAGCGTGCGTAA,99287,NCBI,Salmonella typhimurium,Salmonella,Enterobacteriaceae,Enterobacterales,Pseudomonadota,Gammaproteobacteria,LT2 / SGSC1412 / ATCC 700720,.,.,.,.,4,K04026
,,,,,,,,,,,,,,,,,,,,,
,,,,,,,,,,,,,,,,,,,,,
,,,,,,,,,,,,,,,,,,,,,
,,,,,,,,,,,,,,,,,,,,,
,,,,,,,,,,,,,,,,,,,,,
,,,,,,,,,,,,,,,,,,,,,
,,,,,,,,,,,,,,,,,,,,,
,,,,,,,,,,,,,,,,,,,,,
