prot_seq,protaccession,struct_prot_type,is_canonical,name,db_1,URL_1,acc_1,db_type_1,db_2,URL_2,acc_2,db_type_2,db_3,URL_3,acc_3,db_type_3,db_4,URL_4,acc_4,db_type_4,db_5,URL_5,acc_5,db_type_5,db_6,URL_6,acc_6,db_type_6,db_7,URL_7,acc_7,db_type_8,dna_seq
MHLARVTGVVVSTQKSPSLVGKKLLLVRRVSADGELPASPVSGDEVAVDSVGAGTGELVLLSSGSSARHVFSGPNEAIDLAIVGIVDTLSR,PR001,BMC-P,TRUE,pduN,NCBI,https://www.ncbi.nlm.nih.gov/,JMV71_RS09440,seq,Uniprot,https://www.uniprot.org/,P0DUV6,seq,NCBITAX,https://www.ncbi.nlm.nih.gov/taxonomy,546,tax,PDB,https://www.rcsb.org/,,struct,,,,,KO,https://www.genome.jp/kegg/ko.html,K27269,funct,GO,https://geneontology.org/,0050216 ,funct,ATGCATCTGGCACGGGTTACAGGCGTTGTGGTTTCCACGCAAAAATCTCCATCACTGGTGGGGAAGAAACTGTTGCTGGTACGTCGGGTGAGTGCGGACGGAGAACTTCCCGCGTCCCCTGTGAGTGGAGATGAAGTCGCGGTTGATTCTGTCGGCGCTGGAACTGGAGAACTGGTATTACTCAGCAGTGGCTCCAGCGCCAGACACGTTTTTTCCGGCCCTAATGAGGCCATCGATCTGGCTATCGTCGGCATTGTCGACACGCTTTCTCGTTAG
MADALGMIEVRGFVGMVEAADAMVKAAKVELIGYEKTGGGYVTAVVRGDVAAVKAATEAGQRAAERVGEVVAVHVIPRPHVNVDAALPLGRTPGMDKSA,PR002,BMC-H,TRUE,hoch_5815,NCBI,https://www.ncbi.nlm.nih.gov/,HOCH_RS28905,seq,Uniprot,https://www.uniprot.org/,D0LID5,seq,NCBITAX,https://www.ncbi.nlm.nih.gov/taxonomy,502025,tax,PDB,https://www.rcsb.org/,6NLU,struct,PDB,https://www.rcsb.org/,5DJB,struct,,,,,GO,https://geneontology.org/,51144,funct,ATGGCGGACGCACTGGGTATGATTGAAGTTCGTGGTTTTGTTGGTATGGTGGAAGCGGCGGATGCTATGGTGAAAGCGGCTAAAGTTGAACTGATTGGTTATGAAAAAACCGGCGGTGGCTACGTGACGGCAGTGGTTCGTGGTGATGTCGCAGCAGTTAAGGCAGCTACCGAAGCCGGTCAGCGTGCAGCAGAACGTGTTGGTGAAGTCGTGGCAGTTCATGTCATCCCGCGTCCGCACGTGAACGTTGATGCAGCTCTGCCGCTGGGTCGTACGCCGGGTATGGACAAAAGCGCGTAA
MNTSELETLIRNILSEQLAPAKAEVKGNGIFPSVSEAIDAAHQAFLRYQQCPLKTRSAIINALREELTPHLASLAAESAAETGMGNKEDKFLKNKAALDNTPGIEDLTTTALTGDGGMVLFEYSPFGVIGSVAPSTNPTETIINNSISMLAAGNSVYFSPHPGAKAVSLKLITMIEDIAFRCCGIRNLVVTVTEPTFEATQQMMAHPKIAVLAITGGPGIVAMGMKSGKKVIGAGAGNPPCIVDETADLVKAAEDIINGASFDFNLPCIAEKSLIVVDAVAERLVQQMQSFGAMRLNSEEIDKLRAVCLPEGIANKQLVGKSPATLLEAAGIPVPAKAPRLLIGIVKADDPWVTSEQLMPMLPIVTVSDFDSALTLALKVEEGLHHTAIMHSQNVSRLNLAARTLQTSIFVKNGPSYAGIGVGGEGFTTFTIATPTGEGTTSARTFARSRRCVLTNGFSIR,PR003,No structural,TRUE,pduP,NCBI,https://www.ncbi.nlm.nih.gov/,JMV71_RS09430,seq,Uniprot,https://www.uniprot.org/,B1VB75,seq,NCBITAX,https://www.ncbi.nlm.nih.gov/taxonomy,546,tax,PDB,https://www.rcsb.org/,,struct,,,,,KO,https://www.genome.jp/kegg/ko.html,K13922,funct,GO,https://geneontology.org/,0004029 ,funct,ATGAACACTTCAGAACTTGAAACCCTTATTCGTAACATTTTGAGTGAGCAACTTGCCCCGGCAAAAGCAGAAGTTAAGGGTAATGGAATTTTTCCGTCCGTTAGCGAAGCGATCGATGCCGCTCATCAGGCTTTTCTGCGTTATCAGCAATGTCCATTGAAAACCCGCAGCGCCATCATTAACGCCCTGCGAGAAGAGCTGACGCCTCACCTTGCTTCATTGGCTGCTGAAAGCGCTGCCGAAACGGGAATGGGCAACAAAGAGGATAAGTTCCTTAAAAATAAAGCTGCGTTGGACAATACCCCGGGCATCGAAGATCTCACCACCACGGCGCTTACTGGCGACGGCGGCATGGTGTTATTCGAGTATTCACCCTTTGGCGTGATTGGTTCCGTCGCCCCCAGTACCAACCCGACTGAAACCATTATTAACAACAGCATCAGTATGCTGGCTGCGGGAAATAGCGTTTATTTTAGCCCACATCCAGGTGCAAAAGCGGTCTCACTGAAGCTGATTACCATGATTGAAGATATTGCTTTTCGCTGCTGCGGGATTCGGAATCTTGTCGTCACGGTCACAGAACCCACTTTTGAGGCTACCCAGCAGATGATGGCGCACCCTAAAATCGCAGTTCTGGCGATTACCGGTGGTCCAGGCATTGTTGCTATGGGCATGAAAAGCGGGAAAAAAGTCATTGGCGCAGGCGCAGGTAATCCTCCCTGCATTGTTGATGAAACAGCCGACCTGGTTAAGGCGGCGGAAGATATCATCAATGGCGCATCCTTTGATTTCAACCTCCCCTGCATTGCTGAGAAGAGCCTGATTGTTGTTGATGCCGTTGCTGAACGACTGGTTCAACAAATGCAGTCTTTTGGCGCGATGCGACTCAATAGCGAAGAGATAGACAAACTGCGCGCAGTTTGTCTGCCAGAAGGAATAGCCAATAAACAACTGGTAGGGAAAAGCCCGGCAACCTTACTGGAAGCCGCGGGAATACCGGTTCCGGCAAAAGCACCTCGATTACTGATAGGTATCGTCAAGGCTGACGACCCATGGGTTACCAGCGAGCAACTGATGCCAATGCTCCCCATCGTAACGGTGAGCGATTTTGACAGCGCGTTAACGTTGGCCCTGAAGGTTGAAGAGGGATTGCATCACACCGCCATTATGCATTCGCAAAATGTGTCACGTCTGAACCTTGCCGCGCGCACGCTTCAGACCTCCATTTTTGTGAAAAATGGCCCCTCTTATGCTGGGATTGGCGTTGGTGGTGAAGGCTTTACCACCTTCACCATTGCAACGCCGACCGGCGAAGGAACGACATCTGCGCGCACTTTCGCACGCTCTCGTCGTTGCGTGCTGACAAACGGTTTTTCTATTCGCTAA
MAHDEQLWLTPRLQKAAALCNQTPAASDTPLWLGVDLGTCDVVSMVVDGNAQPVAVCLDWADVVRDGIVWDFFGAVTLVRRHLDTLEQQLGCRFTHAATSFPPGTDPRISINVLESAGLEVSHVLDEPTAVADLLALDNAGVVDIGGGTTGIAIVKQGKVTYSADEATGGHHISLTLAGNRRIPLEEAEQYKRSNAQEIWPVVKPVYEKMAEIVARHIEGQGIADLWLAGGSCMQPGVEALFRQRFPELQVHLPQHSLFMTPLAIANSGRAKAEGLYAS,PR004,No structural,TRUE,eutJ,NCBI,https://www.ncbi.nlm.nih.gov/,STM2462,seq,Uniprot,https://www.uniprot.org/,P0A206,seq,NCBITAX,https://www.ncbi.nlm.nih.gov/taxonomy,99287,tax,PDB,https://www.rcsb.org/,,struct,,,,,KO,https://www.genome.jp/kegg/ko.html,K04024,funct,GO,https://geneontology.org/,31469,funct,TCAGCTTGCATAGAGTCCCTCCGCTTTCGCTCTCCCGCTGTTGGCTATCGCCAGCGGGGTCATAAACAGGCTGTGCTGCGGCAAATGCACCTGTAACTCCGGGAAACGCTGGCGAAATAACGCCTCCACGCCCGGCTGCATACAGGAGCCGCCCGCCAGCCATAAATCAGCAATTCCTTGCCCTTCAATGTGGCGAGCAACGATTTCCGCCATCTTTTCGTACACCGGCTTCACTACCGGCCAAATCTCCTGCGCATTGCTGCGCTTGTACTGTTCCGCCTCTTCCAGGGGAATACGGCGGTTGCCCGCCAGCGTCAGGGAGATATGGTGCCCGCCAGTGGCTTCATCGGCGGAGTAAGTCACCTTGCCCTGTTTGACGATGGCAATGCCGGTAGTGCCGCCGCCAATATCCACCACGCCTGCATTATCAAGCGCCAGCAGATCCGCTACCGCCGTCGGTTCATCCAGTACATGGCTGACTTCTAACCCGGCAGACTCCAGCACGTTGATCGAAATACGCGGGTCGGTGCCTGGCGGAAACGAGGTCGCCGCGTGGGTAAAGCGGCAGCCGAGCTGCTGTTCAAGGGTGTCGAGATGGCGGCGCACGAGGGTGACGGCGCCGAAGAAATCCCAGACGATGCCGTCACGCACAACGTCGGCCCAGTCAAGGCATACCGCCACCGGCTGGGCGTTGCCGTCGACCACCATCGACACCACGTCGCAGGTGCCCAAATCGACGCCCAGCCACAGCGGTGTATCGCTGGCGGCGGGCGTCTGGTTACACAGGGCCGCCGCTTTTTGCAGTCTTGGGGTGAGCCAGAGTTGTTCGTCGTGCGCCAT
MPALDLIRPSVTAMRVIASVNDGFARELKLPPHIRSLGLITADSDDVTYIAADEATKQAMVEVVYGRSLYAGAAHGPSPTAGEVLIMLGGPNPAEVRAGLDAMVASIENGAAFQWANDAENTAFLAHVVSRTGSYLSSTAGIALGDPMAYLVAPPLEATFGIDAAMKSADVQLVTYVPPPSETNYSAAFLTGSQAACKACNAFTDAVLDIARNPVQRA,PR005,BMC-T,TRUE,eutL,NCBI,https://www.ncbi.nlm.nih.gov/,STM2456,seq,Uniprot,https://www.uniprot.org/,P0A1C9,seq,NCBITAX,https://www.ncbi.nlm.nih.gov/taxonomy,99287,tax,PDB,https://www.rcsb.org/,,struct,,,,,KO,https://www.genome.jp/kegg/ko.html,K04026,funct,GO,https://geneontology.org/,6645,funct,ATGCCTGCATTAGATTTAATTCGACCTTCCGTGACTGCCATGCGCGTGATTGCCTCCGTGAATGACGGCTTTGCGCGGGAACTTAAATTACCGCCACATATACGTAGTCTCGGACTCATCACGGCAGATTCTGATGATGTGACCTATATTGCCGCTGACGAAGCGACAAAACAGGCGATGGTGGAAGTGGTCTATGGCCGCTCCCTCTATGCCGGGGCGGCTCACGGGCCGTCGCCTACCGCTGGTGAGGTGTTGATTATGCTGGGCGGACCGAACCCGGCGGAAGTGCGCGCCGGTCTGGATGCAATGGTCGCCAGCATTGAAAACGGCGCGGCGTTCCAGTGGGCGAACGATGCGGAAAATACCGCATTCCTGGCGCATGTGGTTTCGCGTACCGGCTCGTACCTCTCGTCTACCGCAGGTATCGCGCTGGGCGATCCAATGGCCTACCTGGTGGCGCCGCCGCTGGAAGCGACATTCGGCATTGACGCGGCGATGAAATCCGCTGACGTTCAGCTGGTGACTTACGTGCCGCCGCCGTCGGAAACCAACTATTCGGCCGCGTTCTTAACCGGAAGCCAGGCCGCGTGTAAAGCCGCCTGCAACGCCTTTACCGACGCCGTGCTGGATATCGCCCGTAACCCTGTCCAGCGTGCGTAA
MQQEALGMVETKGLTAAIEAADAMVKSANVMLVGYEKIGSGLVTVIVRGDVGAVKAATDAGAAAARNVGEVKAVHVIPRPHTDVEKILPKGIS,PR006,BMC-H,TRUE,pduA,NCBI,https://www.ncbi.nlm.nih.gov/,QRZ63_RS08710,seq,Uniprot,https://www.uniprot.org/,P0DUM6 ,seq,NCBITAX,https://www.ncbi.nlm.nih.gov/taxonomy,546,tax,PDB,https://www.rcsb.org/,4P7T,struct,PDB,https://www.rcsb.org/,4P7V,struct,KO,https://www.genome.jp/kegg/ko.html,K27260,funct,GO,https://geneontology.org/,31472,funct,ATGCAACAAGAAGCGTTAGGAATGGTAGAAACCAAAGGCTTAACTGCAGCCATAGAGGCCGCAGATGCAATGGTGAAGTCAGCCAATGTAATGCTGGTCGGCTACGAAAAAATTGGTTCGGGGCTGGTAACAGTTATTGTCCGCGGCGATGTCGGCGCAGTCAAAGCAGCAACAGATGCCGGTGCCGCCGCAGCCCGTAATGTGGGAGAAGTGAAAGCCGTACACGTTATCCCACGCCCGCATACCGATGTAGAAAAAATCTTACCGAAGGGAATTAGCTAA
MSSNELVDQIMAQVIARVATPEQQAIPENNPPTRETAMAEKSCSLTEFVGTAIGDTVGLVIANVDSALLDAMKLEKRYRSIGILGARTGAGPHIMAADEAVKATNTEVVSIELPRDTKGGAGHGSLIILGGNDVSDVKRGIEVALKELDRTFGDVYANEAGHIEMQYTARASYALEKAFGAPIGRACGVIVGAPASVGVLMADTALKSANVEVVAYSSPAHGTSFSNEAILVISGDSGAVRQAVISAREIGKTVLGTLGSEPKNDRPSYI,PR007,BMC-T,TRUE,pduB,,,,,Uniprot,https://www.uniprot.org/,B1VB63,seq,NCBITAX,https://www.ncbi.nlm.nih.gov/taxonomy,546,tax,PDB,https://www.rcsb.org/,,struct,,,,,KO,https://www.genome.jp/kegg/ko.html,K27263,funct,GO,https://geneontology.org/,16491,funct,ATGAGCAGCAATGAGCTGGTTGATCAGATCATGGCGCAGGTGATTGCTCGCGTGGCAACGCCGGAACAGCAGGCTATCCCTGAAAATAATCCTCCAACACGAGAAACGGCTATGGCAGAGAAAAGCTGCAGTTTAACGGAGTTTGTCGGTACTGCGATTGGCGACACCGTCGGTCTGGTAATCGCCAACGTGGACAGCGCCCTACTGGACGCAATGAAACTTGAAAAACGGTATCGCTCCATTGGCATCCTTGGCGCGCGTACTGGTGCAGGCCCGCACATCATGGCCGCAGATGAAGCGGTAAAAGCCACCAATACTGAAGTCGTCAGTATTGAGTTGCCACGTGATACCAAAGGCGGCGCGGGTCACGGTTCGCTGATTATTCTCGGCGGCAACGATGTTTCCGACGTGAAACGCGGAATTGAGGTTGCGCTGAAAGAACTGGATCGCACCTTTGGCGATGTGTATGCCAACGAAGCCGGTCACATCGAGATGCAATACACCGCACGCGCCAGCTACGCGCTGGAAAAAGCCTTTGGTGCACCGATTGGCCGTGCCTGTGGCGTGATCGTCGGCGCGCCGGCATCCGTTGGTGTCCTGATGGCTGATACTGCGCTGAAATCCGCCAACGTGGAAGTTGTGGCCTACAGCTCCCCTGCCCATGGCACCAGCTTCAGTAACGAAGCCATTCTGGTCATTTCAGGCGATTCCGGCGCTGTGCGTCAGGCCGTTATCTCCGCCCGCGAAATCGGTAAAACCGTACTCGGGACCCTCGGCTCAGAACCGAAAAACGATCGTCCGTCCTACATCTGA
MAEKSCSLTEFVGTAIGDTVGLVIANVDSALLDAMKLEKRYRSIGILGARTGAGPHIMAADEAVKATNTEVVSIELPRDTKGGAGHGSLIILGGNDVSDVKRGIEVALKELDRTFGDVYANEAGHIEMQYTARASYALEKAFGAPIGRACGVIVGAPASVGVLMADTALKSANVEVVAYSSPAHGTSFSNEAILVISGDSGAVRQAVISAREIGKTVLGTLGSEPKNDRPSYI,PR008,BMC-T,FALSE,PduB',,,,,Uniprot,https://www.uniprot.org/,B1VB63-2,seq,NCBITAX,https://www.ncbi.nlm.nih.gov/taxonomy,546,tax,PDB,https://www.rcsb.org/,,struct,,,,,KO,https://www.genome.jp/kegg/ko.html,K27263,funct,GO,https://geneontology.org/,16491,funct,ATGGCAGAGAAAAGCTGCAGTTTAACGGAGTTTGTCGGTACTGCGATTGGCGACACCGTCGGTCTGGTAATCGCCAACGTGGACAGCGCCCTACTGGACGCAATGAAACTTGAAAAACGGTATCGCTCCATTGGCATCCTTGGCGCGCGTACTGGTGCAGGCCCGCACATCATGGCCGCAGATGAAGCGGTAAAAGCCACCAATACTGAAGTCGTCAGTATTGAGTTGCCACGTGATACCAAAGGCGGCGCGGGTCACGGTTCGCTGATTATTCTCGGCGGCAACGATGTTTCCGACGTGAAACGCGGAATTGAGGTTGCGCTGAAAGAACTGGATCGCACCTTTGGCGATGTGTATGCCAACGAAGCCGGTCACATCGAGATGCAATACACCGCACGCGCCAGCTACGCGCTGGAAAAAGCCTTTGGTGCACCGATTGGCCGTGCCTGTGGCGTGATCGTCGGCGCGCCGGCATCCGTTGGTGTCCTGATGGCTGATACTGCGCTGAAATCCGCCAACGTGGAAGTTGTGGCCTACAGCTCCCCTGCCCATGGCACCAGCTTCAGTAACGAAGCCATTCTGGTCATTTCAGGCGATTCCGGCGCTGTGCGTCAGGCCGTTATCTCCGCCCGCGAAATCGGTAAAACCGTACTCGGGACCCTCGGCTCAGAACCGAAAAACGATCGTCCGTCCTACATCTGA
MHLARVTGVVVSTQKSPSLVGKKLLLVRRVSADGELPASPVSGDEVAVDSVGAGTGELVLLSSGSSARHVFSGPNEAIDLAIVGIVDTLSR,PR009,BMC-P,TRUE,Bacterial microcompartment shell vertex protein PduN,NCBI,https://www.ncbi.nlm.nih.gov/,JMV71_RS09440,seq,Uniprot,https://www.uniprot.org/,P0DUV6,seq,NCBITAX,https://www.ncbi.nlm.nih.gov/taxonomy,546,tax,PDB,https://www.rcsb.org/,,struct,,,,,KO,https://www.genome.jp/kegg/ko.html,K27269,funct,GO,https://geneontology.org/,0050216 ,funct,ATGCATCTGGCACGGGTTACAGGCGTTGTGGTTTCCACGCAAAAATCTCCATCACTGGTGGGGAAGAAACTGTTGCTGGTACGTCGGGTGAGTGCGGACGGAGAACTTCCCGCGTCCCCTGTGAGTGGAGATGAAGTCGCGGTTGATTCTGTCGGCGCTGGAACTGGAGAACTGGTATTACTCAGCAGTGGCTCCAGCGCCAGACACGTTTTTTCCGGCCCTAATGAGGCCATCGATCTGGCTATCGTCGGCATTGTCGACACGCTTTCTCGTTAG
MNTSELETLIRNILSEQLAPAKAEVKGNGIFPSVSEAIDAAHQAFLRYQQCPLKTRSAIINALREELTPHLASLAAESAAETGMGNKEDKFLKNKAALDNTPGIEDLTTTALTGDGGMVLFEYSPFGVIGSVAPSTNPTETIINNSISMLAAGNSVYFSPHPGAKAVSLKLITMIEDIAFRCCGIRNLVVTVTEPTFEATQQMMAHPKIAVLAITGGPGIVAMGMKSGKKVIGAGAGNPPCIVDETADLVKAAEDIINGASFDFNLPCIAEKSLIVVDAVAERLVQQMQSFGAMRLNSEEIDKLRAVCLPEGIANKQLVGKSPATLLEAAGIPVPAKAPRLLIGIVKADDPWVTSEQLMPMLPIVTVSDFDSALTLALKVEEGLHHTAIMHSQNVSRLNLAARTLQTSIFVKNGPSYAGIGVGGEGFTTFTIATPTGEGTTSARTFARSRRCVLTNGFSIR,PR010,No structural,TRUE,Propanal dehydrogenase,NCBI,https://www.ncbi.nlm.nih.gov/,JMV71_RS09430,seq,Uniprot,https://www.uniprot.org/,B1VB75,seq,NCBITAX,https://www.ncbi.nlm.nih.gov/taxonomy,546,tax,PDB,https://www.rcsb.org/,,struct,,,,,KO,https://www.genome.jp/kegg/ko.html,K13922,funct,GO,https://geneontology.org/,0004029 ,funct,ATGAACACTTCAGAACTTGAAACCCTTATTCGTAACATTTTGAGTGAGCAACTTGCCCCGGCAAAAGCAGAAGTTAAGGGTAATGGAATTTTTCCGTCCGTTAGCGAAGCGATCGATGCCGCTCATCAGGCTTTTCTGCGTTATCAGCAATGTCCATTGAAAACCCGCAGCGCCATCATTAACGCCCTGCGAGAAGAGCTGACGCCTCACCTTGCTTCATTGGCTGCTGAAAGCGCTGCCGAAACGGGAATGGGCAACAAAGAGGATAAGTTCCTTAAAAATAAAGCTGCGTTGGACAATACCCCGGGCATCGAAGATCTCACCACCACGGCGCTTACTGGCGACGGCGGCATGGTGTTATTCGAGTATTCACCCTTTGGCGTGATTGGTTCCGTCGCCCCCAGTACCAACCCGACTGAAACCATTATTAACAACAGCATCAGTATGCTGGCTGCGGGAAATAGCGTTTATTTTAGCCCACATCCAGGTGCAAAAGCGGTCTCACTGAAGCTGATTACCATGATTGAAGATATTGCTTTTCGCTGCTGCGGGATTCGGAATCTTGTCGTCACGGTCACAGAACCCACTTTTGAGGCTACCCAGCAGATGATGGCGCACCCTAAAATCGCAGTTCTGGCGATTACCGGTGGTCCAGGCATTGTTGCTATGGGCATGAAAAGCGGGAAAAAAGTCATTGGCGCAGGCGCAGGTAATCCTCCCTGCATTGTTGATGAAACAGCCGACCTGGTTAAGGCGGCGGAAGATATCATCAATGGCGCATCCTTTGATTTCAACCTCCCCTGCATTGCTGAGAAGAGCCTGATTGTTGTTGATGCCGTTGCTGAACGACTGGTTCAACAAATGCAGTCTTTTGGCGCGATGCGACTCAATAGCGAAGAGATAGACAAACTGCGCGCAGTTTGTCTGCCAGAAGGAATAGCCAATAAACAACTGGTAGGGAAAAGCCCGGCAACCTTACTGGAAGCCGCGGGAATACCGGTTCCGGCAAAAGCACCTCGATTACTGATAGGTATCGTCAAGGCTGACGACCCATGGGTTACCAGCGAGCAACTGATGCCAATGCTCCCCATCGTAACGGTGAGCGATTTTGACAGCGCGTTAACGTTGGCCCTGAAGGTTGAAGAGGGATTGCATCACACCGCCATTATGCATTCGCAAAATGTGTCACGTCTGAACCTTGCCGCGCGCACGCTTCAGACCTCCATTTTTGTGAAAAATGGCCCCTCTTATGCTGGGATTGGCGTTGGTGGTGAAGGCTTTACCACCTTCACCATTGCAACGCCGACCGGCGAAGGAACGACATCTGCGCGCACTTTCGCACGCTCTCGTCGTTGCGTGCTGACAAACGGTTTTTCTATTCGCTAA
MAHDEQLWLTPRLQKAAALCNQTPAASDTPLWLGVDLGTCDVVSMVVDGNAQPVAVCLDWADVVRDGIVWDFFGAVTLVRRHLDTLEQQLGCRFTHAATSFPPGTDPRISINVLESAGLEVSHVLDEPTAVADLLALDNAGVVDIGGGTTGIAIVKQGKVTYSADEATGGHHISLTLAGNRRIPLEEAEQYKRSNAQEIWPVVKPVYEKMAEIVARHIEGQGIADLWLAGGSCMQPGVEALFRQRFPELQVHLPQHSLFMTPLAIANSGRAKAEGLYAS,PR011,No structural,TRUE,Ethanolamine utilization protein EutJ,NCBI,https://www.ncbi.nlm.nih.gov/,STM2462,seq,Uniprot,https://www.uniprot.org/,P0A206,seq,NCBITAX,https://www.ncbi.nlm.nih.gov/taxonomy,99287,tax,PDB,https://www.rcsb.org/,,struct,,,,,KO,https://www.genome.jp/kegg/ko.html,K04024,funct,GO,https://geneontology.org/,31469,funct,TCAGCTTGCATAGAGTCCCTCCGCTTTCGCTCTCCCGCTGTTGGCTATCGCCAGCGGGGTCATAAACAGGCTGTGCTGCGGCAAATGCACCTGTAACTCCGGGAAACGCTGGCGAAATAACGCCTCCACGCCCGGCTGCATACAGGAGCCGCCCGCCAGCCATAAATCAGCAATTCCTTGCCCTTCAATGTGGCGAGCAACGATTTCCGCCATCTTTTCGTACACCGGCTTCACTACCGGCCAAATCTCCTGCGCATTGCTGCGCTTGTACTGTTCCGCCTCTTCCAGGGGAATACGGCGGTTGCCCGCCAGCGTCAGGGAGATATGGTGCCCGCCAGTGGCTTCATCGGCGGAGTAAGTCACCTTGCCCTGTTTGACGATGGCAATGCCGGTAGTGCCGCCGCCAATATCCACCACGCCTGCATTATCAAGCGCCAGCAGATCCGCTACCGCCGTCGGTTCATCCAGTACATGGCTGACTTCTAACCCGGCAGACTCCAGCACGTTGATCGAAATACGCGGGTCGGTGCCTGGCGGAAACGAGGTCGCCGCGTGGGTAAAGCGGCAGCCGAGCTGCTGTTCAAGGGTGTCGAGATGGCGGCGCACGAGGGTGACGGCGCCGAAGAAATCCCAGACGATGCCGTCACGCACAACGTCGGCCCAGTCAAGGCATACCGCCACCGGCTGGGCGTTGCCGTCGACCACCATCGACACCACGTCGCAGGTGCCCAAATCGACGCCCAGCCACAGCGGTGTATCGCTGGCGGCGGGCGTCTGGTTACACAGGGCCGCCGCTTTTTGCAGTCTTGGGGTGAGCCAGAGTTGTTCGTCGTGCGCCAT
MPALDLIRPSVTAMRVIASVNDGFARELKLPPHIRSLGLITADSDDVTYIAADEATKQAMVEVVYGRSLYAGAAHGPSPTAGEVLIMLGGPNPAEVRAGLDAMVASIENGAAFQWANDAENTAFLAHVVSRTGSYLSSTAGIALGDPMAYLVAPPLEATFGIDAAMKSADVQLVTYVPPPSETNYSAAFLTGSQAACKACNAFTDAVLDIARNPVQRA,PR012,BMC-T,TRUE,Bacterial microcompartment shell protein EutL,NCBI,https://www.ncbi.nlm.nih.gov/,STM2456,seq,Uniprot,https://www.uniprot.org/,P0A1C9,seq,NCBITAX,https://www.ncbi.nlm.nih.gov/taxonomy,99287,tax,PDB,https://www.rcsb.org/,,struct,,,,,KO,https://www.genome.jp/kegg/ko.html,K04026,funct,GO,https://geneontology.org/,6645,funct,ATGCCTGCATTAGATTTAATTCGACCTTCCGTGACTGCCATGCGCGTGATTGCCTCCGTGAATGACGGCTTTGCGCGGGAACTTAAATTACCGCCACATATACGTAGTCTCGGACTCATCACGGCAGATTCTGATGATGTGACCTATATTGCCGCTGACGAAGCGACAAAACAGGCGATGGTGGAAGTGGTCTATGGCCGCTCCCTCTATGCCGGGGCGGCTCACGGGCCGTCGCCTACCGCTGGTGAGGTGTTGATTATGCTGGGCGGACCGAACCCGGCGGAAGTGCGCGCCGGTCTGGATGCAATGGTCGCCAGCATTGAAAACGGCGCGGCGTTCCAGTGGGCGAACGATGCGGAAAATACCGCATTCCTGGCGCATGTGGTTTCGCGTACCGGCTCGTACCTCTCGTCTACCGCAGGTATCGCGCTGGGCGATCCAATGGCCTACCTGGTGGCGCCGCCGCTGGAAGCGACATTCGGCATTGACGCGGCGATGAAATCCGCTGACGTTCAGCTGGTGACTTACGTGCCGCCGCCGTCGGAAACCAACTATTCGGCCGCGTTCTTAACCGGAAGCCAGGCCGCGTGTAAAGCCGCCTGCAACGCCTTTACCGACGCCGTGCTGGATATCGCCCGTAACCCTGTCCAGCGTGCGTAA
MQQEALGMVETKGLTAAIEAADAMVKSANVMLVGYEKIGSGLVTVIVRGDVGAVKAATDAGAAAARNVGEVKAVHVIPRPHTDVEKILPKGIS,PR013,BMC-H,TRUE,Bacterial microcompartment protein homohexamer  pduA,NCBI,https://www.ncbi.nlm.nih.gov/,QRZ63_RS08710,seq,Uniprot,https://www.uniprot.org/,P0DUM6 ,seq,NCBITAX,https://www.ncbi.nlm.nih.gov/taxonomy,546,tax,PDB,https://www.rcsb.org/,4P7T,struct,PDB,https://www.rcsb.org/,4P7V,struct,KO,https://www.genome.jp/kegg/ko.html,K27260,funct,GO,https://geneontology.org/,31472,funct,ATGCAACAAGAAGCGTTAGGAATGGTAGAAACCAAAGGCTTAACTGCAGCCATAGAGGCCGCAGATGCAATGGTGAAGTCAGCCAATGTAATGCTGGTCGGCTACGAAAAAATTGGTTCGGGGCTGGTAACAGTTATTGTCCGCGGCGATGTCGGCGCAGTCAAAGCAGCAACAGATGCCGGTGCCGCCGCAGCCCGTAATGTGGGAGAAGTGAAAGCCGTACACGTTATCCCACGCCCGCATACCGATGTAGAAAAAATCTTACCGAAGGGAATTAGCTAA
MSSNELVDQIMAQVIARVATPEQQAIPENNPPTRETAMAEKSCSLTEFVGTAIGDTVGLVIANVDSALLDAMKLEKRYRSIGILGARTGAGPHIMAADEAVKATNTEVVSIELPRDTKGGAGHGSLIILGGNDVSDVKRGIEVALKELDRTFGDVYANEAGHIEMQYTARASYALEKAFGAPIGRACGVIVGAPASVGVLMADTALKSANVEVVAYSSPAHGTSFSNEAILVISGDSGAVRQAVISAREIGKTVLGTLGSEPKNDRPSYI,PR014,BMC-T,TRUE,Bacterial microcompartment shell protein PduB,,,,,Uniprot,https://www.uniprot.org/,B1VB63,seq,NCBITAX,https://www.ncbi.nlm.nih.gov/taxonomy,546,tax,PDB,https://www.rcsb.org/,,struct,,,,,KO,https://www.genome.jp/kegg/ko.html,K27263,funct,GO,https://geneontology.org/,16491,funct,ATGAGCAGCAATGAGCTGGTTGATCAGATCATGGCGCAGGTGATTGCTCGCGTGGCAACGCCGGAACAGCAGGCTATCCCTGAAAATAATCCTCCAACACGAGAAACGGCTATGGCAGAGAAAAGCTGCAGTTTAACGGAGTTTGTCGGTACTGCGATTGGCGACACCGTCGGTCTGGTAATCGCCAACGTGGACAGCGCCCTACTGGACGCAATGAAACTTGAAAAACGGTATCGCTCCATTGGCATCCTTGGCGCGCGTACTGGTGCAGGCCCGCACATCATGGCCGCAGATGAAGCGGTAAAAGCCACCAATACTGAAGTCGTCAGTATTGAGTTGCCACGTGATACCAAAGGCGGCGCGGGTCACGGTTCGCTGATTATTCTCGGCGGCAACGATGTTTCCGACGTGAAACGCGGAATTGAGGTTGCGCTGAAAGAACTGGATCGCACCTTTGGCGATGTGTATGCCAACGAAGCCGGTCACATCGAGATGCAATACACCGCACGCGCCAGCTACGCGCTGGAAAAAGCCTTTGGTGCACCGATTGGCCGTGCCTGTGGCGTGATCGTCGGCGCGCCGGCATCCGTTGGTGTCCTGATGGCTGATACTGCGCTGAAATCCGCCAACGTGGAAGTTGTGGCCTACAGCTCCCCTGCCCATGGCACCAGCTTCAGTAACGAAGCCATTCTGGTCATTTCAGGCGATTCCGGCGCTGTGCGTCAGGCCGTTATCTCCGCCCGCGAAATCGGTAAAACCGTACTCGGGACCCTCGGCTCAGAACCGAAAAACGATCGTCCGTCCTACATCTGA
MHLARVTGVVVSTQKSPSLVGKKLLLVRRVSADGELPASPVSGDEVAVDSVGAGTGELVLLSSGSSARHVFSGPNEAIDLAIVGIVDTLSR,PR015,BMC-P,TRUE,Propanediol utilization protein PduN,NCBI,https://www.ncbi.nlm.nih.gov/,JMV71_RS09440,seq,Uniprot,https://www.uniprot.org/,P0DUV6,seq,NCBITAX,https://www.ncbi.nlm.nih.gov/taxonomy,546,tax,PDB,https://www.rcsb.org/,,struct,,,,,KO,https://www.genome.jp/kegg/ko.html,K27269,funct,GO,https://geneontology.org/,0050216 ,funct,ATGCATCTGGCACGGGTTACAGGCGTTGTGGTTTCCACGCAAAAATCTCCATCACTGGTGGGGAAGAAACTGTTGCTGGTACGTCGGGTGAGTGCGGACGGAGAACTTCCCGCGTCCCCTGTGAGTGGAGATGAAGTCGCGGTTGATTCTGTCGGCGCTGGAACTGGAGAACTGGTATTACTCAGCAGTGGCTCCAGCGCCAGACACGTTTTTTCCGGCCCTAATGAGGCCATCGATCTGGCTATCGTCGGCATTGTCGACACGCTTTCTCGTTAG
MNTSELETLIRNILSEQLAPAKAEVKGNGIFPSVSEAIDAAHQAFLRYQQCPLKTRSAIINALREELTPHLASLAAESAAETGMGNKEDKFLKNKAALDNTPGIEDLTTTALTGDGGMVLFEYSPFGVIGSVAPSTNPTETIINNSISMLAAGNSVYFSPHPGAKAVSLKLITMIEDIAFRCCGIRNLVVTVTEPTFEATQQMMAHPKIAVLAITGGPGIVAMGMKSGKKVIGAGAGNPPCIVDETADLVKAAEDIINGASFDFNLPCIAEKSLIVVDAVAERLVQQMQSFGAMRLNSEEIDKLRAVCLPEGIANKQLVGKSPATLLEAAGIPVPAKAPRLLIGIVKADDPWVTSEQLMPMLPIVTVSDFDSALTLALKVEEGLHHTAIMHSQNVSRLNLAARTLQTSIFVKNGPSYAGIGVGGEGFTTFTIATPTGEGTTSARTFARSRRCVLTNGFSIR,PR016,No structural,TRUE,Coenzyme-A-acylating propionaldehyde dehydrogenase,NCBI,https://www.ncbi.nlm.nih.gov/,JMV71_RS09430,seq,Uniprot,https://www.uniprot.org/,B1VB75,seq,NCBITAX,https://www.ncbi.nlm.nih.gov/taxonomy,546,tax,PDB,https://www.rcsb.org/,,struct,,,,,KO,https://www.genome.jp/kegg/ko.html,K13922,funct,GO,https://geneontology.org/,0004029 ,funct,ATGAACACTTCAGAACTTGAAACCCTTATTCGTAACATTTTGAGTGAGCAACTTGCCCCGGCAAAAGCAGAAGTTAAGGGTAATGGAATTTTTCCGTCCGTTAGCGAAGCGATCGATGCCGCTCATCAGGCTTTTCTGCGTTATCAGCAATGTCCATTGAAAACCCGCAGCGCCATCATTAACGCCCTGCGAGAAGAGCTGACGCCTCACCTTGCTTCATTGGCTGCTGAAAGCGCTGCCGAAACGGGAATGGGCAACAAAGAGGATAAGTTCCTTAAAAATAAAGCTGCGTTGGACAATACCCCGGGCATCGAAGATCTCACCACCACGGCGCTTACTGGCGACGGCGGCATGGTGTTATTCGAGTATTCACCCTTTGGCGTGATTGGTTCCGTCGCCCCCAGTACCAACCCGACTGAAACCATTATTAACAACAGCATCAGTATGCTGGCTGCGGGAAATAGCGTTTATTTTAGCCCACATCCAGGTGCAAAAGCGGTCTCACTGAAGCTGATTACCATGATTGAAGATATTGCTTTTCGCTGCTGCGGGATTCGGAATCTTGTCGTCACGGTCACAGAACCCACTTTTGAGGCTACCCAGCAGATGATGGCGCACCCTAAAATCGCAGTTCTGGCGATTACCGGTGGTCCAGGCATTGTTGCTATGGGCATGAAAAGCGGGAAAAAAGTCATTGGCGCAGGCGCAGGTAATCCTCCCTGCATTGTTGATGAAACAGCCGACCTGGTTAAGGCGGCGGAAGATATCATCAATGGCGCATCCTTTGATTTCAACCTCCCCTGCATTGCTGAGAAGAGCCTGATTGTTGTTGATGCCGTTGCTGAACGACTGGTTCAACAAATGCAGTCTTTTGGCGCGATGCGACTCAATAGCGAAGAGATAGACAAACTGCGCGCAGTTTGTCTGCCAGAAGGAATAGCCAATAAACAACTGGTAGGGAAAAGCCCGGCAACCTTACTGGAAGCCGCGGGAATACCGGTTCCGGCAAAAGCACCTCGATTACTGATAGGTATCGTCAAGGCTGACGACCCATGGGTTACCAGCGAGCAACTGATGCCAATGCTCCCCATCGTAACGGTGAGCGATTTTGACAGCGCGTTAACGTTGGCCCTGAAGGTTGAAGAGGGATTGCATCACACCGCCATTATGCATTCGCAAAATGTGTCACGTCTGAACCTTGCCGCGCGCACGCTTCAGACCTCCATTTTTGTGAAAAATGGCCCCTCTTATGCTGGGATTGGCGTTGGTGGTGAAGGCTTTACCACCTTCACCATTGCAACGCCGACCGGCGAAGGAACGACATCTGCGCGCACTTTCGCACGCTCTCGTCGTTGCGTGCTGACAAACGGTTTTTCTATTCGCTAA
MPALDLIRPSVTAMRVIASVNDGFARELKLPPHIRSLGLITADSDDVTYIAADEATKQAMVEVVYGRSLYAGAAHGPSPTAGEVLIMLGGPNPAEVRAGLDAMVASIENGAAFQWANDAENTAFLAHVVSRTGSYLSSTAGIALGDPMAYLVAPPLEATFGIDAAMKSADVQLVTYVPPPSETNYSAAFLTGSQAACKACNAFTDAVLDIARNPVQRA,PR017,BMC-T,TRUE,Ethanolamine utilization protein EutL,NCBI,https://www.ncbi.nlm.nih.gov/,STM2456,seq,Uniprot,https://www.uniprot.org/,P0A1C9,seq,NCBITAX,https://www.ncbi.nlm.nih.gov/taxonomy,99287,tax,PDB,https://www.rcsb.org/,,struct,,,,,KO,https://www.genome.jp/kegg/ko.html,K04026,funct,GO,https://geneontology.org/,6645,funct,ATGCCTGCATTAGATTTAATTCGACCTTCCGTGACTGCCATGCGCGTGATTGCCTCCGTGAATGACGGCTTTGCGCGGGAACTTAAATTACCGCCACATATACGTAGTCTCGGACTCATCACGGCAGATTCTGATGATGTGACCTATATTGCCGCTGACGAAGCGACAAAACAGGCGATGGTGGAAGTGGTCTATGGCCGCTCCCTCTATGCCGGGGCGGCTCACGGGCCGTCGCCTACCGCTGGTGAGGTGTTGATTATGCTGGGCGGACCGAACCCGGCGGAAGTGCGCGCCGGTCTGGATGCAATGGTCGCCAGCATTGAAAACGGCGCGGCGTTCCAGTGGGCGAACGATGCGGAAAATACCGCATTCCTGGCGCATGTGGTTTCGCGTACCGGCTCGTACCTCTCGTCTACCGCAGGTATCGCGCTGGGCGATCCAATGGCCTACCTGGTGGCGCCGCCGCTGGAAGCGACATTCGGCATTGACGCGGCGATGAAATCCGCTGACGTTCAGCTGGTGACTTACGTGCCGCCGCCGTCGGAAACCAACTATTCGGCCGCGTTCTTAACCGGAAGCCAGGCCGCGTGTAAAGCCGCCTGCAACGCCTTTACCGACGCCGTGCTGGATATCGCCCGTAACCCTGTCCAGCGTGCGTAA
MQQEALGMVETKGLTAAIEAADAMVKSANVMLVGYEKIGSGLVTVIVRGDVGAVKAATDAGAAAARNVGEVKAVHVIPRPHTDVEKILPKGIS,PR018,BMC-H,TRUE,Propanediol utilization protein PduA,NCBI,https://www.ncbi.nlm.nih.gov/,QRZ63_RS08710,seq,Uniprot,https://www.uniprot.org/,P0DUM6 ,seq,NCBITAX,https://www.ncbi.nlm.nih.gov/taxonomy,546,tax,PDB,https://www.rcsb.org/,4P7T,struct,PDB,https://www.rcsb.org/,4P7V,struct,KO,https://www.genome.jp/kegg/ko.html,K27260,funct,GO,https://geneontology.org/,31472,funct,ATGCAACAAGAAGCGTTAGGAATGGTAGAAACCAAAGGCTTAACTGCAGCCATAGAGGCCGCAGATGCAATGGTGAAGTCAGCCAATGTAATGCTGGTCGGCTACGAAAAAATTGGTTCGGGGCTGGTAACAGTTATTGTCCGCGGCGATGTCGGCGCAGTCAAAGCAGCAACAGATGCCGGTGCCGCCGCAGCCCGTAATGTGGGAGAAGTGAAAGCCGTACACGTTATCCCACGCCCGCATACCGATGTAGAAAAAATCTTACCGAAGGGAATTAGCTAA
MSSNELVDQIMAQVIARVATPEQQAIPENNPPTRETAMAEKSCSLTEFVGTAIGDTVGLVIANVDSALLDAMKLEKRYRSIGILGARTGAGPHIMAADEAVKATNTEVVSIELPRDTKGGAGHGSLIILGGNDVSDVKRGIEVALKELDRTFGDVYANEAGHIEMQYTARASYALEKAFGAPIGRACGVIVGAPASVGVLMADTALKSANVEVVAYSSPAHGTSFSNEAILVISGDSGAVRQAVISAREIGKTVLGTLGSEPKNDRPSYI,PR019,BMC-T,TRUE,Propanediol utilization protein PduB,,,,,Uniprot,https://www.uniprot.org/,B1VB63,seq,NCBITAX,https://www.ncbi.nlm.nih.gov/taxonomy,546,tax,PDB,https://www.rcsb.org/,,struct,,,,,KO,https://www.genome.jp/kegg/ko.html,K27263,funct,GO,https://geneontology.org/,16491,funct,ATGAGCAGCAATGAGCTGGTTGATCAGATCATGGCGCAGGTGATTGCTCGCGTGGCAACGCCGGAACAGCAGGCTATCCCTGAAAATAATCCTCCAACACGAGAAACGGCTATGGCAGAGAAAAGCTGCAGTTTAACGGAGTTTGTCGGTACTGCGATTGGCGACACCGTCGGTCTGGTAATCGCCAACGTGGACAGCGCCCTACTGGACGCAATGAAACTTGAAAAACGGTATCGCTCCATTGGCATCCTTGGCGCGCGTACTGGTGCAGGCCCGCACATCATGGCCGCAGATGAAGCGGTAAAAGCCACCAATACTGAAGTCGTCAGTATTGAGTTGCCACGTGATACCAAAGGCGGCGCGGGTCACGGTTCGCTGATTATTCTCGGCGGCAACGATGTTTCCGACGTGAAACGCGGAATTGAGGTTGCGCTGAAAGAACTGGATCGCACCTTTGGCGATGTGTATGCCAACGAAGCCGGTCACATCGAGATGCAATACACCGCACGCGCCAGCTACGCGCTGGAAAAAGCCTTTGGTGCACCGATTGGCCGTGCCTGTGGCGTGATCGTCGGCGCGCCGGCATCCGTTGGTGTCCTGATGGCTGATACTGCGCTGAAATCCGCCAACGTGGAAGTTGTGGCCTACAGCTCCCCTGCCCATGGCACCAGCTTCAGTAACGAAGCCATTCTGGTCATTTCAGGCGATTCCGGCGCTGTGCGTCAGGCCGTTATCTCCGCCCGCGAAATCGGTAAAACCGTACTCGGGACCCTCGGCTCAGAACCGAAAAACGATCGTCCGTCCTACATCTGA
MNTSELETLIRNILSEQLAPAKAEVKGNGIFPSVSEAIDAAHQAFLRYQQCPLKTRSAIINALREELTPHLASLAAESAAETGMGNKEDKFLKNKAALDNTPGIEDLTTTALTGDGGMVLFEYSPFGVIGSVAPSTNPTETIINNSISMLAAGNSVYFSPHPGAKAVSLKLITMIEDIAFRCCGIRNLVVTVTEPTFEATQQMMAHPKIAVLAITGGPGIVAMGMKSGKKVIGAGAGNPPCIVDETADLVKAAEDIINGASFDFNLPCIAEKSLIVVDAVAERLVQQMQSFGAMRLNSEEIDKLRAVCLPEGIANKQLVGKSPATLLEAAGIPVPAKAPRLLIGIVKADDPWVTSEQLMPMLPIVTVSDFDSALTLALKVEEGLHHTAIMHSQNVSRLNLAARTLQTSIFVKNGPSYAGIGVGGEGFTTFTIATPTGEGTTSARTFARSRRCVLTNGFSIR,PR020,No structural,TRUE,"
Propanediol utilization protein PduP",NCBI,https://www.ncbi.nlm.nih.gov/,JMV71_RS09430,seq,Uniprot,https://www.uniprot.org/,B1VB75,seq,NCBITAX,https://www.ncbi.nlm.nih.gov/taxonomy,546,tax,PDB,https://www.rcsb.org/,,struct,,,,,KO,https://www.genome.jp/kegg/ko.html,K13922,funct,GO,https://geneontology.org/,0004029 ,funct,ATGAACACTTCAGAACTTGAAACCCTTATTCGTAACATTTTGAGTGAGCAACTTGCCCCGGCAAAAGCAGAAGTTAAGGGTAATGGAATTTTTCCGTCCGTTAGCGAAGCGATCGATGCCGCTCATCAGGCTTTTCTGCGTTATCAGCAATGTCCATTGAAAACCCGCAGCGCCATCATTAACGCCCTGCGAGAAGAGCTGACGCCTCACCTTGCTTCATTGGCTGCTGAAAGCGCTGCCGAAACGGGAATGGGCAACAAAGAGGATAAGTTCCTTAAAAATAAAGCTGCGTTGGACAATACCCCGGGCATCGAAGATCTCACCACCACGGCGCTTACTGGCGACGGCGGCATGGTGTTATTCGAGTATTCACCCTTTGGCGTGATTGGTTCCGTCGCCCCCAGTACCAACCCGACTGAAACCATTATTAACAACAGCATCAGTATGCTGGCTGCGGGAAATAGCGTTTATTTTAGCCCACATCCAGGTGCAAAAGCGGTCTCACTGAAGCTGATTACCATGATTGAAGATATTGCTTTTCGCTGCTGCGGGATTCGGAATCTTGTCGTCACGGTCACAGAACCCACTTTTGAGGCTACCCAGCAGATGATGGCGCACCCTAAAATCGCAGTTCTGGCGATTACCGGTGGTCCAGGCATTGTTGCTATGGGCATGAAAAGCGGGAAAAAAGTCATTGGCGCAGGCGCAGGTAATCCTCCCTGCATTGTTGATGAAACAGCCGACCTGGTTAAGGCGGCGGAAGATATCATCAATGGCGCATCCTTTGATTTCAACCTCCCCTGCATTGCTGAGAAGAGCCTGATTGTTGTTGATGCCGTTGCTGAACGACTGGTTCAACAAATGCAGTCTTTTGGCGCGATGCGACTCAATAGCGAAGAGATAGACAAACTGCGCGCAGTTTGTCTGCCAGAAGGAATAGCCAATAAACAACTGGTAGGGAAAAGCCCGGCAACCTTACTGGAAGCCGCGGGAATACCGGTTCCGGCAAAAGCACCTCGATTACTGATAGGTATCGTCAAGGCTGACGACCCATGGGTTACCAGCGAGCAACTGATGCCAATGCTCCCCATCGTAACGGTGAGCGATTTTGACAGCGCGTTAACGTTGGCCCTGAAGGTTGAAGAGGGATTGCATCACACCGCCATTATGCATTCGCAAAATGTGTCACGTCTGAACCTTGCCGCGCGCACGCTTCAGACCTCCATTTTTGTGAAAAATGGCCCCTCTTATGCTGGGATTGGCGTTGGTGGTGAAGGCTTTACCACCTTCACCATTGCAACGCCGACCGGCGAAGGAACGACATCTGCGCGCACTTTCGCACGCTCTCGTCGTTGCGTGCTGACAAACGGTTTTTCTATTCGCTAA
MQQEALGMVETKGLTAAIEAADAMVKSANVMLVGYEKIGSGLVTVIVRGDVGAVKAATDAGAAAARNVGEVKAVHVIPRPHTDVEKILPKGIS,PR021,BMC-H,TRUE,Bacterial microcompartment shell protein PduA,NCBI,https://www.ncbi.nlm.nih.gov/,QRZ63_RS08710,seq,Uniprot,https://www.uniprot.org/,P0DUM6 ,seq,NCBITAX,https://www.ncbi.nlm.nih.gov/taxonomy,546,tax,PDB,https://www.rcsb.org/,4P7T,struct,PDB,https://www.rcsb.org/,4P7V,struct,KO,https://www.genome.jp/kegg/ko.html,K27260,funct,GO,https://geneontology.org/,31472,funct,ATGCAACAAGAAGCGTTAGGAATGGTAGAAACCAAAGGCTTAACTGCAGCCATAGAGGCCGCAGATGCAATGGTGAAGTCAGCCAATGTAATGCTGGTCGGCTACGAAAAAATTGGTTCGGGGCTGGTAACAGTTATTGTCCGCGGCGATGTCGGCGCAGTCAAAGCAGCAACAGATGCCGGTGCCGCCGCAGCCCGTAATGTGGGAGAAGTGAAAGCCGTACACGTTATCCCACGCCCGCATACCGATGTAGAAAAAATCTTACCGAAGGGAATTAGCTAA
MSSNELVDQIMAQVIARVATPEQQAIPENNPPTRETAMAEKSCSLTEFVGTAIGDTVGLVIANVDSALLDAMKLEKRYRSIGILGARTGAGPHIMAADEAVKATNTEVVSIELPRDTKGGAGHGSLIILGGNDVSDVKRGIEVALKELDRTFGDVYANEAGHIEMQYTARASYALEKAFGAPIGRACGVIVGAPASVGVLMADTALKSANVEVVAYSSPAHGTSFSNEAILVISGDSGAVRQAVISAREIGKTVLGTLGSEPKNDRPSYI,PR022,BMC-T,TRUE,Bacterial microcompartment protein homotrimer PduB,,,,,Uniprot,https://www.uniprot.org/,B1VB63,seq,NCBITAX,https://www.ncbi.nlm.nih.gov/taxonomy,546,tax,PDB,https://www.rcsb.org/,,struct,,,,,KO,https://www.genome.jp/kegg/ko.html,K27263,funct,GO,https://geneontology.org/,16491,funct,ATGAGCAGCAATGAGCTGGTTGATCAGATCATGGCGCAGGTGATTGCTCGCGTGGCAACGCCGGAACAGCAGGCTATCCCTGAAAATAATCCTCCAACACGAGAAACGGCTATGGCAGAGAAAAGCTGCAGTTTAACGGAGTTTGTCGGTACTGCGATTGGCGACACCGTCGGTCTGGTAATCGCCAACGTGGACAGCGCCCTACTGGACGCAATGAAACTTGAAAAACGGTATCGCTCCATTGGCATCCTTGGCGCGCGTACTGGTGCAGGCCCGCACATCATGGCCGCAGATGAAGCGGTAAAAGCCACCAATACTGAAGTCGTCAGTATTGAGTTGCCACGTGATACCAAAGGCGGCGCGGGTCACGGTTCGCTGATTATTCTCGGCGGCAACGATGTTTCCGACGTGAAACGCGGAATTGAGGTTGCGCTGAAAGAACTGGATCGCACCTTTGGCGATGTGTATGCCAACGAAGCCGGTCACATCGAGATGCAATACACCGCACGCGCCAGCTACGCGCTGGAAAAAGCCTTTGGTGCACCGATTGGCCGTGCCTGTGGCGTGATCGTCGGCGCGCCGGCATCCGTTGGTGTCCTGATGGCTGATACTGCGCTGAAATCCGCCAACGTGGAAGTTGTGGCCTACAGCTCCCCTGCCCATGGCACCAGCTTCAGTAACGAAGCCATTCTGGTCATTTCAGGCGATTCCGGCGCTGTGCGTCAGGCCGTTATCTCCGCCCGCGAAATCGGTAAAACCGTACTCGGGACCCTCGGCTCAGAACCGAAAAACGATCGTCCGTCCTACATCTGA
