prot_seq,locus_NCBI_ID,UniProt_ID,struct_prot_type,gene_name,name_rank,dna_seq,tax_ID,tax_ref,tax_db,species,genus,family,order_tax,phylum,class_tax,strain,pdb_id,pdb_acc_1,pdb_acc_2,pdb_acc_3,path_id,KO_ref
MHLARVTGVVVSTQKSPSLVGKKLLLVRRVSADGELPASPVSGDEVAVDSVGAGTGELVLLSSGSSARHVFSGPNEAIDLAIVGIVDTLSR,JMV71_RS09440,P0DUV6,BMC-P,pduN,1,ATGCATCTGGCACGGGTTACAGGCGTTGTGGTTTCCACGCAAAAATCTCCATCACTGGTGGGGAAGAAACTGTTGCTGGTACGTCGGGTGAGTGCGGACGGAGAACTTCCCGCGTCCCCTGTGAGTGGAGATGAAGTCGCGGTTGATTCTGTCGGCGCTGGAACTGGAGAACTGGTATTACTCAGCAGTGGCTCCAGCGCCAGACACGTTTTTTCCGGCCCTAATGAGGCCATCGATCTGGCTATCGTCGGCATTGTCGACACGCTTTCTCGTTAG,1,546,NCBI,Citrobacter freundii,Citrobacter,Enterobacteriaceae,Enterobacterales,Pseudomonadota,Gammaproteobacteria,.,.,.,.,.,1,K27269
MADALGMIEVRGFVGMVEAADAMVKAAKVELIGYEKTGGGYVTAVVRGDVAAVKAATEAGQRAAERVGEVVAVHVIPRPHVNVDAALPLGRTPGMDKSA,HOCH_RS28905,D0LID5,BMC-H,hoch_5815,1,ATGGCGGACGCACTGGGTATGATTGAAGTTCGTGGTTTTGTTGGTATGGTGGAAGCGGCGGATGCTATGGTGAAAGCGGCTAAAGTTGAACTGATTGGTTATGAAAAAACCGGCGGTGGCTACGTGACGGCAGTGGTTCGTGGTGATGTCGCAGCAGTTAAGGCAGCTACCGAAGCCGGTCAGCGTGCAGCAGAACGTGTTGGTGAAGTCGTGGCAGTTCATGTCATCCCGCGTCCGCACGTGAACGTTGATGCAGCTCTGCCGCTGGGTCGTACGCCGGGTATGGACAAAAGCGCGTAA,2,502025,NCBI,Haliangium ochraceum,Haliangium,Kofleriaceae,Haliangiales,Myxococcota,Myxococcia,DSM 14365,1,6NLU,5DJB,.,null,null
MNTSELETLIRNILSEQLAPAKAEVKGNGIFPSVSEAIDAAHQAFLRYQQCPLKTRSAIINALREELTPHLASLAAESAAETGMGNKEDKFLKNKAALDNTPGIEDLTTTALTGDGGMVLFEYSPFGVIGSVAPSTNPTETIINNSISMLAAGNSVYFSPHPGAKAVSLKLITMIEDIAFRCCGIRNLVVTVTEPTFEATQQMMAHPKIAVLAITGGPGIVAMGMKSGKKVIGAGAGNPPCIVDETADLVKAAEDIINGASFDFNLPCIAEKSLIVVDAVAERLVQQMQSFGAMRLNSEEIDKLRAVCLPEGIANKQLVGKSPATLLEAAGIPVPAKAPRLLIGIVKADDPWVTSEQLMPMLPIVTVSDFDSALTLALKVEEGLHHTAIMHSQNVSRLNLAARTLQTSIFVKNGPSYAGIGVGGEGFTTFTIATPTGEGTTSARTFARSRRCVLTNGFSIR,JMV71_RS09430,B1VB75,No structural,pduP,1,ATGAACACTTCAGAACTTGAAACCCTTATTCGTAACATTTTGAGTGAGCAACTTGCCCCGGCAAAAGCAGAAGTTAAGGGTAATGGAATTTTTCCGTCCGTTAGCGAAGCGATCGATGCCGCTCATCAGGCTTTTCTGCGTTATCAGCAATGTCCATTGAAAACCCGCAGCGCCATCATTAACGCCCTGCGAGAAGAGCTGACGCCTCACCTTGCTTCATTGGCTGCTGAAAGCGCTGCCGAAACGGGAATGGGCAACAAAGAGGATAAGTTCCTTAAAAATAAAGCTGCGTTGGACAATACCCCGGGCATCGAAGATCTCACCACCACGGCGCTTACTGGCGACGGCGGCATGGTGTTATTCGAGTATTCACCCTTTGGCGTGATTGGTTCCGTCGCCCCCAGTACCAACCCGACTGAAACCATTATTAACAACAGCATCAGTATGCTGGCTGCGGGAAATAGCGTTTATTTTAGCCCACATCCAGGTGCAAAAGCGGTCTCACTGAAGCTGATTACCATGATTGAAGATATTGCTTTTCGCTGCTGCGGGATTCGGAATCTTGTCGTCACGGTCACAGAACCCACTTTTGAGGCTACCCAGCAGATGATGGCGCACCCTAAAATCGCAGTTCTGGCGATTACCGGTGGTCCAGGCATTGTTGCTATGGGCATGAAAAGCGGGAAAAAAGTCATTGGCGCAGGCGCAGGTAATCCTCCCTGCATTGTTGATGAAACAGCCGACCTGGTTAAGGCGGCGGAAGATATCATCAATGGCGCATCCTTTGATTTCAACCTCCCCTGCATTGCTGAGAAGAGCCTGATTGTTGTTGATGCCGTTGCTGAACGACTGGTTCAACAAATGCAGTCTTTTGGCGCGATGCGACTCAATAGCGAAGAGATAGACAAACTGCGCGCAGTTTGTCTGCCAGAAGGAATAGCCAATAAACAACTGGTAGGGAAAAGCCCGGCAACCTTACTGGAAGCCGCGGGAATACCGGTTCCGGCAAAAGCACCTCGATTACTGATAGGTATCGTCAAGGCTGACGACCCATGGGTTACCAGCGAGCAACTGATGCCAATGCTCCCCATCGTAACGGTGAGCGATTTTGACAGCGCGTTAACGTTGGCCCTGAAGGTTGAAGAGGGATTGCATCACACCGCCATTATGCATTCGCAAAATGTGTCACGTCTGAACCTTGCCGCGCGCACGCTTCAGACCTCCATTTTTGTGAAAAATGGCCCCTCTTATGCTGGGATTGGCGTTGGTGGTGAAGGCTTTACCACCTTCACCATTGCAACGCCGACCGGCGAAGGAACGACATCTGCGCGCACTTTCGCACGCTCTCGTCGTTGCGTGCTGACAAACGGTTTTTCTATTCGCTAA,1,546,NCBI,Citrobacter freundii,Citrobacter,Enterobacteriaceae,Enterobacterales,Pseudomonadota,Gammaproteobacteria,.,.,.,.,.,2,K13922
MAHDEQLWLTPRLQKAAALCNQTPAASDTPLWLGVDLGTCDVVSMVVDGNAQPVAVCLDWADVVRDGIVWDFFGAVTLVRRHLDTLEQQLGCRFTHAATSFPPGTDPRISINVLESAGLEVSHVLDEPTAVADLLALDNAGVVDIGGGTTGIAIVKQGKVTYSADEATGGHHISLTLAGNRRIPLEEAEQYKRSNAQEIWPVVKPVYEKMAEIVARHIEGQGIADLWLAGGSCMQPGVEALFRQRFPELQVHLPQHSLFMTPLAIANSGRAKAEGLYAS,STM2462,P0A206,No structural,eutJ,1,TCAGCTTGCATAGAGTCCCTCCGCTTTCGCTCTCCCGCTGTTGGCTATCGCCAGCGGGGTCATAAACAGGCTGTGCTGCGGCAAATGCACCTGTAACTCCGGGAAACGCTGGCGAAATAACGCCTCCACGCCCGGCTGCATACAGGAGCCGCCCGCCAGCCATAAATCAGCAATTCCTTGCCCTTCAATGTGGCGAGCAACGATTTCCGCCATCTTTTCGTACACCGGCTTCACTACCGGCCAAATCTCCTGCGCATTGCTGCGCTTGTACTGTTCCGCCTCTTCCAGGGGAATACGGCGGTTGCCCGCCAGCGTCAGGGAGATATGGTGCCCGCCAGTGGCTTCATCGGCGGAGTAAGTCACCTTGCCCTGTTTGACGATGGCAATGCCGGTAGTGCCGCCGCCAATATCCACCACGCCTGCATTATCAAGCGCCAGCAGATCCGCTACCGCCGTCGGTTCATCCAGTACATGGCTGACTTCTAACCCGGCAGACTCCAGCACGTTGATCGAAATACGCGGGTCGGTGCCTGGCGGAAACGAGGTCGCCGCGTGGGTAAAGCGGCAGCCGAGCTGCTGTTCAAGGGTGTCGAGATGGCGGCGCACGAGGGTGACGGCGCCGAAGAAATCCCAGACGATGCCGTCACGCACAACGTCGGCCCAGTCAAGGCATACCGCCACCGGCTGGGCGTTGCCGTCGACCACCATCGACACCACGTCGCAGGTGCCCAAATCGACGCCCAGCCACAGCGGTGTATCGCTGGCGGCGGGCGTCTGGTTACACAGGGCCGCCGCTTTTTGCAGTCTTGGGGTGAGCCAGAGTTGTTCGTCGTGCGCCAT,3,99287,NCBI,Salmonella typhimurium,Salmonella,Enterobacteriaceae,Enterobacterales,Pseudomonadota,Gammaproteobacteria,LT2 / SGSC1412 / ATCC 700720,.,.,.,.,3,K04024
MPALDLIRPSVTAMRVIASVNDGFARELKLPPHIRSLGLITADSDDVTYIAADEATKQAMVEVVYGRSLYAGAAHGPSPTAGEVLIMLGGPNPAEVRAGLDAMVASIENGAAFQWANDAENTAFLAHVVSRTGSYLSSTAGIALGDPMAYLVAPPLEATFGIDAAMKSADVQLVTYVPPPSETNYSAAFLTGSQAACKACNAFTDAVLDIARNPVQRA,STM2456,P0A1C9,BMC-T,eutL,1,ATGCCTGCATTAGATTTAATTCGACCTTCCGTGACTGCCATGCGCGTGATTGCCTCCGTGAATGACGGCTTTGCGCGGGAACTTAAATTACCGCCACATATACGTAGTCTCGGACTCATCACGGCAGATTCTGATGATGTGACCTATATTGCCGCTGACGAAGCGACAAAACAGGCGATGGTGGAAGTGGTCTATGGCCGCTCCCTCTATGCCGGGGCGGCTCACGGGCCGTCGCCTACCGCTGGTGAGGTGTTGATTATGCTGGGCGGACCGAACCCGGCGGAAGTGCGCGCCGGTCTGGATGCAATGGTCGCCAGCATTGAAAACGGCGCGGCGTTCCAGTGGGCGAACGATGCGGAAAATACCGCATTCCTGGCGCATGTGGTTTCGCGTACCGGCTCGTACCTCTCGTCTACCGCAGGTATCGCGCTGGGCGATCCAATGGCCTACCTGGTGGCGCCGCCGCTGGAAGCGACATTCGGCATTGACGCGGCGATGAAATCCGCTGACGTTCAGCTGGTGACTTACGTGCCGCCGCCGTCGGAAACCAACTATTCGGCCGCGTTCTTAACCGGAAGCCAGGCCGCGTGTAAAGCCGCCTGCAACGCCTTTACCGACGCCGTGCTGGATATCGCCCGTAACCCTGTCCAGCGTGCGTAA,3,99287,NCBI,Salmonella typhimurium,Salmonella,Enterobacteriaceae,Enterobacterales,Pseudomonadota,Gammaproteobacteria,LT2 / SGSC1412 / ATCC 700720,.,.,.,.,4,K04026
MQQEALGMVETKGLTAAIEAADAMVKSANVMLVGYEKIGSGLVTVIVRGDVGAVKAATDAGAAAARNVGEVKAVHVIPRPHTDVEKILPKGIS,QRZ63_RS08710,P0DUM6 ,BMC-H,pduA,1,ATGCAACAAGAAGCGTTAGGAATGGTAGAAACCAAAGGCTTAACTGCAGCCATAGAGGCCGCAGATGCAATGGTGAAGTCAGCCAATGTAATGCTGGTCGGCTACGAAAAAATTGGTTCGGGGCTGGTAACAGTTATTGTCCGCGGCGATGTCGGCGCAGTCAAAGCAGCAACAGATGCCGGTGCCGCCGCAGCCCGTAATGTGGGAGAAGTGAAAGCCGTACACGTTATCCCACGCCCGCATACCGATGTAGAAAAAATCTTACCGAAGGGAATTAGCTAA,1,546,NCBI,Citrobacter freundii,Citrobacter,Enterobacteriaceae,Enterobacterales,Pseudomonadota,Gammaproteobacteria,.,2,4P7T,4P7V,.,5,K27260
MSSNELVDQIMAQVIARVATPEQQAIPENNPPTRETAMAEKSCSLTEFVGTAIGDTVGLVIANVDSALLDAMKLEKRYRSIGILGARTGAGPHIMAADEAVKATNTEVVSIELPRDTKGGAGHGSLIILGGNDVSDVKRGIEVALKELDRTFGDVYANEAGHIEMQYTARASYALEKAFGAPIGRACGVIVGAPASVGVLMADTALKSANVEVVAYSSPAHGTSFSNEAILVISGDSGAVRQAVISAREIGKTVLGTLGSEPKNDRPSYI,,B1VB63,BMC-T,pduB,1,ATGAGCAGCAATGAGCTGGTTGATCAGATCATGGCGCAGGTGATTGCTCGCGTGGCAACGCCGGAACAGCAGGCTATCCCTGAAAATAATCCTCCAACACGAGAAACGGCTATGGCAGAGAAAAGCTGCAGTTTAACGGAGTTTGTCGGTACTGCGATTGGCGACACCGTCGGTCTGGTAATCGCCAACGTGGACAGCGCCCTACTGGACGCAATGAAACTTGAAAAACGGTATCGCTCCATTGGCATCCTTGGCGCGCGTACTGGTGCAGGCCCGCACATCATGGCCGCAGATGAAGCGGTAAAAGCCACCAATACTGAAGTCGTCAGTATTGAGTTGCCACGTGATACCAAAGGCGGCGCGGGTCACGGTTCGCTGATTATTCTCGGCGGCAACGATGTTTCCGACGTGAAACGCGGAATTGAGGTTGCGCTGAAAGAACTGGATCGCACCTTTGGCGATGTGTATGCCAACGAAGCCGGTCACATCGAGATGCAATACACCGCACGCGCCAGCTACGCGCTGGAAAAAGCCTTTGGTGCACCGATTGGCCGTGCCTGTGGCGTGATCGTCGGCGCGCCGGCATCCGTTGGTGTCCTGATGGCTGATACTGCGCTGAAATCCGCCAACGTGGAAGTTGTGGCCTACAGCTCCCCTGCCCATGGCACCAGCTTCAGTAACGAAGCCATTCTGGTCATTTCAGGCGATTCCGGCGCTGTGCGTCAGGCCGTTATCTCCGCCCGCGAAATCGGTAAAACCGTACTCGGGACCCTCGGCTCAGAACCGAAAAACGATCGTCCGTCCTACATCTGA,1,546,NCBI,Citrobacter freundii,Citrobacter,Enterobacteriaceae,Enterobacterales,Pseudomonadota,Gammaproteobacteria,.,.,.,.,.,6,K27263
MAEKSCSLTEFVGTAIGDTVGLVIANVDSALLDAMKLEKRYRSIGILGARTGAGPHIMAADEAVKATNTEVVSIELPRDTKGGAGHGSLIILGGNDVSDVKRGIEVALKELDRTFGDVYANEAGHIEMQYTARASYALEKAFGAPIGRACGVIVGAPASVGVLMADTALKSANVEVVAYSSPAHGTSFSNEAILVISGDSGAVRQAVISAREIGKTVLGTLGSEPKNDRPSYI,,B1VB63-2,BMC-T,PduB',1,ATGGCAGAGAAAAGCTGCAGTTTAACGGAGTTTGTCGGTACTGCGATTGGCGACACCGTCGGTCTGGTAATCGCCAACGTGGACAGCGCCCTACTGGACGCAATGAAACTTGAAAAACGGTATCGCTCCATTGGCATCCTTGGCGCGCGTACTGGTGCAGGCCCGCACATCATGGCCGCAGATGAAGCGGTAAAAGCCACCAATACTGAAGTCGTCAGTATTGAGTTGCCACGTGATACCAAAGGCGGCGCGGGTCACGGTTCGCTGATTATTCTCGGCGGCAACGATGTTTCCGACGTGAAACGCGGAATTGAGGTTGCGCTGAAAGAACTGGATCGCACCTTTGGCGATGTGTATGCCAACGAAGCCGGTCACATCGAGATGCAATACACCGCACGCGCCAGCTACGCGCTGGAAAAAGCCTTTGGTGCACCGATTGGCCGTGCCTGTGGCGTGATCGTCGGCGCGCCGGCATCCGTTGGTGTCCTGATGGCTGATACTGCGCTGAAATCCGCCAACGTGGAAGTTGTGGCCTACAGCTCCCCTGCCCATGGCACCAGCTTCAGTAACGAAGCCATTCTGGTCATTTCAGGCGATTCCGGCGCTGTGCGTCAGGCCGTTATCTCCGCCCGCGAAATCGGTAAAACCGTACTCGGGACCCTCGGCTCAGAACCGAAAAACGATCGTCCGTCCTACATCTGA,1,546,NCBI,Citrobacter freundii,Citrobacter,Enterobacteriaceae,Enterobacterales,Pseudomonadota,Gammaproteobacteria,.,.,.,.,.,6,K27263
MHLARVTGVVVSTQKSPSLVGKKLLLVRRVSADGELPASPVSGDEVAVDSVGAGTGELVLLSSGSSARHVFSGPNEAIDLAIVGIVDTLSR,JMV71_RS09440,P0DUV6,BMC-P,Bacterial microcompartment shell vertex protein PduN,2,ATGCATCTGGCACGGGTTACAGGCGTTGTGGTTTCCACGCAAAAATCTCCATCACTGGTGGGGAAGAAACTGTTGCTGGTACGTCGGGTGAGTGCGGACGGAGAACTTCCCGCGTCCCCTGTGAGTGGAGATGAAGTCGCGGTTGATTCTGTCGGCGCTGGAACTGGAGAACTGGTATTACTCAGCAGTGGCTCCAGCGCCAGACACGTTTTTTCCGGCCCTAATGAGGCCATCGATCTGGCTATCGTCGGCATTGTCGACACGCTTTCTCGTTAG,1,546,NCBI,Citrobacter freundii,Citrobacter,Enterobacteriaceae,Enterobacterales,Pseudomonadota,Gammaproteobacteria,.,.,.,.,.,1,K27269
MNTSELETLIRNILSEQLAPAKAEVKGNGIFPSVSEAIDAAHQAFLRYQQCPLKTRSAIINALREELTPHLASLAAESAAETGMGNKEDKFLKNKAALDNTPGIEDLTTTALTGDGGMVLFEYSPFGVIGSVAPSTNPTETIINNSISMLAAGNSVYFSPHPGAKAVSLKLITMIEDIAFRCCGIRNLVVTVTEPTFEATQQMMAHPKIAVLAITGGPGIVAMGMKSGKKVIGAGAGNPPCIVDETADLVKAAEDIINGASFDFNLPCIAEKSLIVVDAVAERLVQQMQSFGAMRLNSEEIDKLRAVCLPEGIANKQLVGKSPATLLEAAGIPVPAKAPRLLIGIVKADDPWVTSEQLMPMLPIVTVSDFDSALTLALKVEEGLHHTAIMHSQNVSRLNLAARTLQTSIFVKNGPSYAGIGVGGEGFTTFTIATPTGEGTTSARTFARSRRCVLTNGFSIR,JMV71_RS09430,B1VB75,No structural,Propanal dehydrogenase,2,ATGAACACTTCAGAACTTGAAACCCTTATTCGTAACATTTTGAGTGAGCAACTTGCCCCGGCAAAAGCAGAAGTTAAGGGTAATGGAATTTTTCCGTCCGTTAGCGAAGCGATCGATGCCGCTCATCAGGCTTTTCTGCGTTATCAGCAATGTCCATTGAAAACCCGCAGCGCCATCATTAACGCCCTGCGAGAAGAGCTGACGCCTCACCTTGCTTCATTGGCTGCTGAAAGCGCTGCCGAAACGGGAATGGGCAACAAAGAGGATAAGTTCCTTAAAAATAAAGCTGCGTTGGACAATACCCCGGGCATCGAAGATCTCACCACCACGGCGCTTACTGGCGACGGCGGCATGGTGTTATTCGAGTATTCACCCTTTGGCGTGATTGGTTCCGTCGCCCCCAGTACCAACCCGACTGAAACCATTATTAACAACAGCATCAGTATGCTGGCTGCGGGAAATAGCGTTTATTTTAGCCCACATCCAGGTGCAAAAGCGGTCTCACTGAAGCTGATTACCATGATTGAAGATATTGCTTTTCGCTGCTGCGGGATTCGGAATCTTGTCGTCACGGTCACAGAACCCACTTTTGAGGCTACCCAGCAGATGATGGCGCACCCTAAAATCGCAGTTCTGGCGATTACCGGTGGTCCAGGCATTGTTGCTATGGGCATGAAAAGCGGGAAAAAAGTCATTGGCGCAGGCGCAGGTAATCCTCCCTGCATTGTTGATGAAACAGCCGACCTGGTTAAGGCGGCGGAAGATATCATCAATGGCGCATCCTTTGATTTCAACCTCCCCTGCATTGCTGAGAAGAGCCTGATTGTTGTTGATGCCGTTGCTGAACGACTGGTTCAACAAATGCAGTCTTTTGGCGCGATGCGACTCAATAGCGAAGAGATAGACAAACTGCGCGCAGTTTGTCTGCCAGAAGGAATAGCCAATAAACAACTGGTAGGGAAAAGCCCGGCAACCTTACTGGAAGCCGCGGGAATACCGGTTCCGGCAAAAGCACCTCGATTACTGATAGGTATCGTCAAGGCTGACGACCCATGGGTTACCAGCGAGCAACTGATGCCAATGCTCCCCATCGTAACGGTGAGCGATTTTGACAGCGCGTTAACGTTGGCCCTGAAGGTTGAAGAGGGATTGCATCACACCGCCATTATGCATTCGCAAAATGTGTCACGTCTGAACCTTGCCGCGCGCACGCTTCAGACCTCCATTTTTGTGAAAAATGGCCCCTCTTATGCTGGGATTGGCGTTGGTGGTGAAGGCTTTACCACCTTCACCATTGCAACGCCGACCGGCGAAGGAACGACATCTGCGCGCACTTTCGCACGCTCTCGTCGTTGCGTGCTGACAAACGGTTTTTCTATTCGCTAA,1,546,NCBI,Citrobacter freundii,Citrobacter,Enterobacteriaceae,Enterobacterales,Pseudomonadota,Gammaproteobacteria,.,.,.,.,.,2,K13922
MAHDEQLWLTPRLQKAAALCNQTPAASDTPLWLGVDLGTCDVVSMVVDGNAQPVAVCLDWADVVRDGIVWDFFGAVTLVRRHLDTLEQQLGCRFTHAATSFPPGTDPRISINVLESAGLEVSHVLDEPTAVADLLALDNAGVVDIGGGTTGIAIVKQGKVTYSADEATGGHHISLTLAGNRRIPLEEAEQYKRSNAQEIWPVVKPVYEKMAEIVARHIEGQGIADLWLAGGSCMQPGVEALFRQRFPELQVHLPQHSLFMTPLAIANSGRAKAEGLYAS,STM2462,P0A206,No structural,Ethanolamine utilization protein EutJ,2,TCAGCTTGCATAGAGTCCCTCCGCTTTCGCTCTCCCGCTGTTGGCTATCGCCAGCGGGGTCATAAACAGGCTGTGCTGCGGCAAATGCACCTGTAACTCCGGGAAACGCTGGCGAAATAACGCCTCCACGCCCGGCTGCATACAGGAGCCGCCCGCCAGCCATAAATCAGCAATTCCTTGCCCTTCAATGTGGCGAGCAACGATTTCCGCCATCTTTTCGTACACCGGCTTCACTACCGGCCAAATCTCCTGCGCATTGCTGCGCTTGTACTGTTCCGCCTCTTCCAGGGGAATACGGCGGTTGCCCGCCAGCGTCAGGGAGATATGGTGCCCGCCAGTGGCTTCATCGGCGGAGTAAGTCACCTTGCCCTGTTTGACGATGGCAATGCCGGTAGTGCCGCCGCCAATATCCACCACGCCTGCATTATCAAGCGCCAGCAGATCCGCTACCGCCGTCGGTTCATCCAGTACATGGCTGACTTCTAACCCGGCAGACTCCAGCACGTTGATCGAAATACGCGGGTCGGTGCCTGGCGGAAACGAGGTCGCCGCGTGGGTAAAGCGGCAGCCGAGCTGCTGTTCAAGGGTGTCGAGATGGCGGCGCACGAGGGTGACGGCGCCGAAGAAATCCCAGACGATGCCGTCACGCACAACGTCGGCCCAGTCAAGGCATACCGCCACCGGCTGGGCGTTGCCGTCGACCACCATCGACACCACGTCGCAGGTGCCCAAATCGACGCCCAGCCACAGCGGTGTATCGCTGGCGGCGGGCGTCTGGTTACACAGGGCCGCCGCTTTTTGCAGTCTTGGGGTGAGCCAGAGTTGTTCGTCGTGCGCCAT,3,99287,NCBI,Salmonella typhimurium,Salmonella,Enterobacteriaceae,Enterobacterales,Pseudomonadota,Gammaproteobacteria,LT2 / SGSC1412 / ATCC 700720,.,.,.,.,3,K04024
MPALDLIRPSVTAMRVIASVNDGFARELKLPPHIRSLGLITADSDDVTYIAADEATKQAMVEVVYGRSLYAGAAHGPSPTAGEVLIMLGGPNPAEVRAGLDAMVASIENGAAFQWANDAENTAFLAHVVSRTGSYLSSTAGIALGDPMAYLVAPPLEATFGIDAAMKSADVQLVTYVPPPSETNYSAAFLTGSQAACKACNAFTDAVLDIARNPVQRA,STM2456,P0A1C9,BMC-T,Bacterial microcompartment shell protein EutL,2,ATGCCTGCATTAGATTTAATTCGACCTTCCGTGACTGCCATGCGCGTGATTGCCTCCGTGAATGACGGCTTTGCGCGGGAACTTAAATTACCGCCACATATACGTAGTCTCGGACTCATCACGGCAGATTCTGATGATGTGACCTATATTGCCGCTGACGAAGCGACAAAACAGGCGATGGTGGAAGTGGTCTATGGCCGCTCCCTCTATGCCGGGGCGGCTCACGGGCCGTCGCCTACCGCTGGTGAGGTGTTGATTATGCTGGGCGGACCGAACCCGGCGGAAGTGCGCGCCGGTCTGGATGCAATGGTCGCCAGCATTGAAAACGGCGCGGCGTTCCAGTGGGCGAACGATGCGGAAAATACCGCATTCCTGGCGCATGTGGTTTCGCGTACCGGCTCGTACCTCTCGTCTACCGCAGGTATCGCGCTGGGCGATCCAATGGCCTACCTGGTGGCGCCGCCGCTGGAAGCGACATTCGGCATTGACGCGGCGATGAAATCCGCTGACGTTCAGCTGGTGACTTACGTGCCGCCGCCGTCGGAAACCAACTATTCGGCCGCGTTCTTAACCGGAAGCCAGGCCGCGTGTAAAGCCGCCTGCAACGCCTTTACCGACGCCGTGCTGGATATCGCCCGTAACCCTGTCCAGCGTGCGTAA,3,99287,NCBI,Salmonella typhimurium,Salmonella,Enterobacteriaceae,Enterobacterales,Pseudomonadota,Gammaproteobacteria,LT2 / SGSC1412 / ATCC 700720,.,.,.,.,4,K04026
MQQEALGMVETKGLTAAIEAADAMVKSANVMLVGYEKIGSGLVTVIVRGDVGAVKAATDAGAAAARNVGEVKAVHVIPRPHTDVEKILPKGIS,QRZ63_RS08710,P0DUM6 ,BMC-H,Bacterial microcompartment protein homohexamer  pduA,2,ATGCAACAAGAAGCGTTAGGAATGGTAGAAACCAAAGGCTTAACTGCAGCCATAGAGGCCGCAGATGCAATGGTGAAGTCAGCCAATGTAATGCTGGTCGGCTACGAAAAAATTGGTTCGGGGCTGGTAACAGTTATTGTCCGCGGCGATGTCGGCGCAGTCAAAGCAGCAACAGATGCCGGTGCCGCCGCAGCCCGTAATGTGGGAGAAGTGAAAGCCGTACACGTTATCCCACGCCCGCATACCGATGTAGAAAAAATCTTACCGAAGGGAATTAGCTAA,1,546,NCBI,Citrobacter freundii,Citrobacter,Enterobacteriaceae,Enterobacterales,Pseudomonadota,Gammaproteobacteria,.,2,4P7T,4P7V,.,5,K27260
MSSNELVDQIMAQVIARVATPEQQAIPENNPPTRETAMAEKSCSLTEFVGTAIGDTVGLVIANVDSALLDAMKLEKRYRSIGILGARTGAGPHIMAADEAVKATNTEVVSIELPRDTKGGAGHGSLIILGGNDVSDVKRGIEVALKELDRTFGDVYANEAGHIEMQYTARASYALEKAFGAPIGRACGVIVGAPASVGVLMADTALKSANVEVVAYSSPAHGTSFSNEAILVISGDSGAVRQAVISAREIGKTVLGTLGSEPKNDRPSYI,,B1VB63,BMC-T,Bacterial microcompartment shell protein PduB,2,ATGAGCAGCAATGAGCTGGTTGATCAGATCATGGCGCAGGTGATTGCTCGCGTGGCAACGCCGGAACAGCAGGCTATCCCTGAAAATAATCCTCCAACACGAGAAACGGCTATGGCAGAGAAAAGCTGCAGTTTAACGGAGTTTGTCGGTACTGCGATTGGCGACACCGTCGGTCTGGTAATCGCCAACGTGGACAGCGCCCTACTGGACGCAATGAAACTTGAAAAACGGTATCGCTCCATTGGCATCCTTGGCGCGCGTACTGGTGCAGGCCCGCACATCATGGCCGCAGATGAAGCGGTAAAAGCCACCAATACTGAAGTCGTCAGTATTGAGTTGCCACGTGATACCAAAGGCGGCGCGGGTCACGGTTCGCTGATTATTCTCGGCGGCAACGATGTTTCCGACGTGAAACGCGGAATTGAGGTTGCGCTGAAAGAACTGGATCGCACCTTTGGCGATGTGTATGCCAACGAAGCCGGTCACATCGAGATGCAATACACCGCACGCGCCAGCTACGCGCTGGAAAAAGCCTTTGGTGCACCGATTGGCCGTGCCTGTGGCGTGATCGTCGGCGCGCCGGCATCCGTTGGTGTCCTGATGGCTGATACTGCGCTGAAATCCGCCAACGTGGAAGTTGTGGCCTACAGCTCCCCTGCCCATGGCACCAGCTTCAGTAACGAAGCCATTCTGGTCATTTCAGGCGATTCCGGCGCTGTGCGTCAGGCCGTTATCTCCGCCCGCGAAATCGGTAAAACCGTACTCGGGACCCTCGGCTCAGAACCGAAAAACGATCGTCCGTCCTACATCTGA,1,546,NCBI,Citrobacter freundii,Citrobacter,Enterobacteriaceae,Enterobacterales,Pseudomonadota,Gammaproteobacteria,.,.,.,.,.,6,K27263
MHLARVTGVVVSTQKSPSLVGKKLLLVRRVSADGELPASPVSGDEVAVDSVGAGTGELVLLSSGSSARHVFSGPNEAIDLAIVGIVDTLSR,JMV71_RS09440,P0DUV6,BMC-P,Propanediol utilization protein PduN,3,ATGCATCTGGCACGGGTTACAGGCGTTGTGGTTTCCACGCAAAAATCTCCATCACTGGTGGGGAAGAAACTGTTGCTGGTACGTCGGGTGAGTGCGGACGGAGAACTTCCCGCGTCCCCTGTGAGTGGAGATGAAGTCGCGGTTGATTCTGTCGGCGCTGGAACTGGAGAACTGGTATTACTCAGCAGTGGCTCCAGCGCCAGACACGTTTTTTCCGGCCCTAATGAGGCCATCGATCTGGCTATCGTCGGCATTGTCGACACGCTTTCTCGTTAG,1,546,NCBI,Citrobacter freundii,Citrobacter,Enterobacteriaceae,Enterobacterales,Pseudomonadota,Gammaproteobacteria,.,.,.,.,.,1,K27269
MNTSELETLIRNILSEQLAPAKAEVKGNGIFPSVSEAIDAAHQAFLRYQQCPLKTRSAIINALREELTPHLASLAAESAAETGMGNKEDKFLKNKAALDNTPGIEDLTTTALTGDGGMVLFEYSPFGVIGSVAPSTNPTETIINNSISMLAAGNSVYFSPHPGAKAVSLKLITMIEDIAFRCCGIRNLVVTVTEPTFEATQQMMAHPKIAVLAITGGPGIVAMGMKSGKKVIGAGAGNPPCIVDETADLVKAAEDIINGASFDFNLPCIAEKSLIVVDAVAERLVQQMQSFGAMRLNSEEIDKLRAVCLPEGIANKQLVGKSPATLLEAAGIPVPAKAPRLLIGIVKADDPWVTSEQLMPMLPIVTVSDFDSALTLALKVEEGLHHTAIMHSQNVSRLNLAARTLQTSIFVKNGPSYAGIGVGGEGFTTFTIATPTGEGTTSARTFARSRRCVLTNGFSIR,JMV71_RS09430,B1VB75,No structural,Coenzyme-A-acylating propionaldehyde dehydrogenase,3,ATGAACACTTCAGAACTTGAAACCCTTATTCGTAACATTTTGAGTGAGCAACTTGCCCCGGCAAAAGCAGAAGTTAAGGGTAATGGAATTTTTCCGTCCGTTAGCGAAGCGATCGATGCCGCTCATCAGGCTTTTCTGCGTTATCAGCAATGTCCATTGAAAACCCGCAGCGCCATCATTAACGCCCTGCGAGAAGAGCTGACGCCTCACCTTGCTTCATTGGCTGCTGAAAGCGCTGCCGAAACGGGAATGGGCAACAAAGAGGATAAGTTCCTTAAAAATAAAGCTGCGTTGGACAATACCCCGGGCATCGAAGATCTCACCACCACGGCGCTTACTGGCGACGGCGGCATGGTGTTATTCGAGTATTCACCCTTTGGCGTGATTGGTTCCGTCGCCCCCAGTACCAACCCGACTGAAACCATTATTAACAACAGCATCAGTATGCTGGCTGCGGGAAATAGCGTTTATTTTAGCCCACATCCAGGTGCAAAAGCGGTCTCACTGAAGCTGATTACCATGATTGAAGATATTGCTTTTCGCTGCTGCGGGATTCGGAATCTTGTCGTCACGGTCACAGAACCCACTTTTGAGGCTACCCAGCAGATGATGGCGCACCCTAAAATCGCAGTTCTGGCGATTACCGGTGGTCCAGGCATTGTTGCTATGGGCATGAAAAGCGGGAAAAAAGTCATTGGCGCAGGCGCAGGTAATCCTCCCTGCATTGTTGATGAAACAGCCGACCTGGTTAAGGCGGCGGAAGATATCATCAATGGCGCATCCTTTGATTTCAACCTCCCCTGCATTGCTGAGAAGAGCCTGATTGTTGTTGATGCCGTTGCTGAACGACTGGTTCAACAAATGCAGTCTTTTGGCGCGATGCGACTCAATAGCGAAGAGATAGACAAACTGCGCGCAGTTTGTCTGCCAGAAGGAATAGCCAATAAACAACTGGTAGGGAAAAGCCCGGCAACCTTACTGGAAGCCGCGGGAATACCGGTTCCGGCAAAAGCACCTCGATTACTGATAGGTATCGTCAAGGCTGACGACCCATGGGTTACCAGCGAGCAACTGATGCCAATGCTCCCCATCGTAACGGTGAGCGATTTTGACAGCGCGTTAACGTTGGCCCTGAAGGTTGAAGAGGGATTGCATCACACCGCCATTATGCATTCGCAAAATGTGTCACGTCTGAACCTTGCCGCGCGCACGCTTCAGACCTCCATTTTTGTGAAAAATGGCCCCTCTTATGCTGGGATTGGCGTTGGTGGTGAAGGCTTTACCACCTTCACCATTGCAACGCCGACCGGCGAAGGAACGACATCTGCGCGCACTTTCGCACGCTCTCGTCGTTGCGTGCTGACAAACGGTTTTTCTATTCGCTAA,1,546,NCBI,Citrobacter freundii,Citrobacter,Enterobacteriaceae,Enterobacterales,Pseudomonadota,Gammaproteobacteria,.,.,.,.,.,2,K13922
MPALDLIRPSVTAMRVIASVNDGFARELKLPPHIRSLGLITADSDDVTYIAADEATKQAMVEVVYGRSLYAGAAHGPSPTAGEVLIMLGGPNPAEVRAGLDAMVASIENGAAFQWANDAENTAFLAHVVSRTGSYLSSTAGIALGDPMAYLVAPPLEATFGIDAAMKSADVQLVTYVPPPSETNYSAAFLTGSQAACKACNAFTDAVLDIARNPVQRA,STM2456,P0A1C9,BMC-T,Ethanolamine utilization protein EutL,3,ATGCCTGCATTAGATTTAATTCGACCTTCCGTGACTGCCATGCGCGTGATTGCCTCCGTGAATGACGGCTTTGCGCGGGAACTTAAATTACCGCCACATATACGTAGTCTCGGACTCATCACGGCAGATTCTGATGATGTGACCTATATTGCCGCTGACGAAGCGACAAAACAGGCGATGGTGGAAGTGGTCTATGGCCGCTCCCTCTATGCCGGGGCGGCTCACGGGCCGTCGCCTACCGCTGGTGAGGTGTTGATTATGCTGGGCGGACCGAACCCGGCGGAAGTGCGCGCCGGTCTGGATGCAATGGTCGCCAGCATTGAAAACGGCGCGGCGTTCCAGTGGGCGAACGATGCGGAAAATACCGCATTCCTGGCGCATGTGGTTTCGCGTACCGGCTCGTACCTCTCGTCTACCGCAGGTATCGCGCTGGGCGATCCAATGGCCTACCTGGTGGCGCCGCCGCTGGAAGCGACATTCGGCATTGACGCGGCGATGAAATCCGCTGACGTTCAGCTGGTGACTTACGTGCCGCCGCCGTCGGAAACCAACTATTCGGCCGCGTTCTTAACCGGAAGCCAGGCCGCGTGTAAAGCCGCCTGCAACGCCTTTACCGACGCCGTGCTGGATATCGCCCGTAACCCTGTCCAGCGTGCGTAA,3,99287,NCBI,Salmonella typhimurium,Salmonella,Enterobacteriaceae,Enterobacterales,Pseudomonadota,Gammaproteobacteria,LT2 / SGSC1412 / ATCC 700720,.,.,.,.,4,K04026
MQQEALGMVETKGLTAAIEAADAMVKSANVMLVGYEKIGSGLVTVIVRGDVGAVKAATDAGAAAARNVGEVKAVHVIPRPHTDVEKILPKGIS,QRZ63_RS08710,P0DUM6 ,BMC-H,Propanediol utilization protein PduA,3,ATGCAACAAGAAGCGTTAGGAATGGTAGAAACCAAAGGCTTAACTGCAGCCATAGAGGCCGCAGATGCAATGGTGAAGTCAGCCAATGTAATGCTGGTCGGCTACGAAAAAATTGGTTCGGGGCTGGTAACAGTTATTGTCCGCGGCGATGTCGGCGCAGTCAAAGCAGCAACAGATGCCGGTGCCGCCGCAGCCCGTAATGTGGGAGAAGTGAAAGCCGTACACGTTATCCCACGCCCGCATACCGATGTAGAAAAAATCTTACCGAAGGGAATTAGCTAA,1,546,NCBI,Citrobacter freundii,Citrobacter,Enterobacteriaceae,Enterobacterales,Pseudomonadota,Gammaproteobacteria,.,2,4P7T,4P7V,.,5,K27260
MSSNELVDQIMAQVIARVATPEQQAIPENNPPTRETAMAEKSCSLTEFVGTAIGDTVGLVIANVDSALLDAMKLEKRYRSIGILGARTGAGPHIMAADEAVKATNTEVVSIELPRDTKGGAGHGSLIILGGNDVSDVKRGIEVALKELDRTFGDVYANEAGHIEMQYTARASYALEKAFGAPIGRACGVIVGAPASVGVLMADTALKSANVEVVAYSSPAHGTSFSNEAILVISGDSGAVRQAVISAREIGKTVLGTLGSEPKNDRPSYI,,B1VB63,BMC-T,Propanediol utilization protein PduB,3,ATGAGCAGCAATGAGCTGGTTGATCAGATCATGGCGCAGGTGATTGCTCGCGTGGCAACGCCGGAACAGCAGGCTATCCCTGAAAATAATCCTCCAACACGAGAAACGGCTATGGCAGAGAAAAGCTGCAGTTTAACGGAGTTTGTCGGTACTGCGATTGGCGACACCGTCGGTCTGGTAATCGCCAACGTGGACAGCGCCCTACTGGACGCAATGAAACTTGAAAAACGGTATCGCTCCATTGGCATCCTTGGCGCGCGTACTGGTGCAGGCCCGCACATCATGGCCGCAGATGAAGCGGTAAAAGCCACCAATACTGAAGTCGTCAGTATTGAGTTGCCACGTGATACCAAAGGCGGCGCGGGTCACGGTTCGCTGATTATTCTCGGCGGCAACGATGTTTCCGACGTGAAACGCGGAATTGAGGTTGCGCTGAAAGAACTGGATCGCACCTTTGGCGATGTGTATGCCAACGAAGCCGGTCACATCGAGATGCAATACACCGCACGCGCCAGCTACGCGCTGGAAAAAGCCTTTGGTGCACCGATTGGCCGTGCCTGTGGCGTGATCGTCGGCGCGCCGGCATCCGTTGGTGTCCTGATGGCTGATACTGCGCTGAAATCCGCCAACGTGGAAGTTGTGGCCTACAGCTCCCCTGCCCATGGCACCAGCTTCAGTAACGAAGCCATTCTGGTCATTTCAGGCGATTCCGGCGCTGTGCGTCAGGCCGTTATCTCCGCCCGCGAAATCGGTAAAACCGTACTCGGGACCCTCGGCTCAGAACCGAAAAACGATCGTCCGTCCTACATCTGA,1,546,NCBI,Citrobacter freundii,Citrobacter,Enterobacteriaceae,Enterobacterales,Pseudomonadota,Gammaproteobacteria,.,.,.,.,.,6,K27263
MNTSELETLIRNILSEQLAPAKAEVKGNGIFPSVSEAIDAAHQAFLRYQQCPLKTRSAIINALREELTPHLASLAAESAAETGMGNKEDKFLKNKAALDNTPGIEDLTTTALTGDGGMVLFEYSPFGVIGSVAPSTNPTETIINNSISMLAAGNSVYFSPHPGAKAVSLKLITMIEDIAFRCCGIRNLVVTVTEPTFEATQQMMAHPKIAVLAITGGPGIVAMGMKSGKKVIGAGAGNPPCIVDETADLVKAAEDIINGASFDFNLPCIAEKSLIVVDAVAERLVQQMQSFGAMRLNSEEIDKLRAVCLPEGIANKQLVGKSPATLLEAAGIPVPAKAPRLLIGIVKADDPWVTSEQLMPMLPIVTVSDFDSALTLALKVEEGLHHTAIMHSQNVSRLNLAARTLQTSIFVKNGPSYAGIGVGGEGFTTFTIATPTGEGTTSARTFARSRRCVLTNGFSIR,JMV71_RS09430,B1VB75,No structural,"
Propanediol utilization protein PduP",4,ATGAACACTTCAGAACTTGAAACCCTTATTCGTAACATTTTGAGTGAGCAACTTGCCCCGGCAAAAGCAGAAGTTAAGGGTAATGGAATTTTTCCGTCCGTTAGCGAAGCGATCGATGCCGCTCATCAGGCTTTTCTGCGTTATCAGCAATGTCCATTGAAAACCCGCAGCGCCATCATTAACGCCCTGCGAGAAGAGCTGACGCCTCACCTTGCTTCATTGGCTGCTGAAAGCGCTGCCGAAACGGGAATGGGCAACAAAGAGGATAAGTTCCTTAAAAATAAAGCTGCGTTGGACAATACCCCGGGCATCGAAGATCTCACCACCACGGCGCTTACTGGCGACGGCGGCATGGTGTTATTCGAGTATTCACCCTTTGGCGTGATTGGTTCCGTCGCCCCCAGTACCAACCCGACTGAAACCATTATTAACAACAGCATCAGTATGCTGGCTGCGGGAAATAGCGTTTATTTTAGCCCACATCCAGGTGCAAAAGCGGTCTCACTGAAGCTGATTACCATGATTGAAGATATTGCTTTTCGCTGCTGCGGGATTCGGAATCTTGTCGTCACGGTCACAGAACCCACTTTTGAGGCTACCCAGCAGATGATGGCGCACCCTAAAATCGCAGTTCTGGCGATTACCGGTGGTCCAGGCATTGTTGCTATGGGCATGAAAAGCGGGAAAAAAGTCATTGGCGCAGGCGCAGGTAATCCTCCCTGCATTGTTGATGAAACAGCCGACCTGGTTAAGGCGGCGGAAGATATCATCAATGGCGCATCCTTTGATTTCAACCTCCCCTGCATTGCTGAGAAGAGCCTGATTGTTGTTGATGCCGTTGCTGAACGACTGGTTCAACAAATGCAGTCTTTTGGCGCGATGCGACTCAATAGCGAAGAGATAGACAAACTGCGCGCAGTTTGTCTGCCAGAAGGAATAGCCAATAAACAACTGGTAGGGAAAAGCCCGGCAACCTTACTGGAAGCCGCGGGAATACCGGTTCCGGCAAAAGCACCTCGATTACTGATAGGTATCGTCAAGGCTGACGACCCATGGGTTACCAGCGAGCAACTGATGCCAATGCTCCCCATCGTAACGGTGAGCGATTTTGACAGCGCGTTAACGTTGGCCCTGAAGGTTGAAGAGGGATTGCATCACACCGCCATTATGCATTCGCAAAATGTGTCACGTCTGAACCTTGCCGCGCGCACGCTTCAGACCTCCATTTTTGTGAAAAATGGCCCCTCTTATGCTGGGATTGGCGTTGGTGGTGAAGGCTTTACCACCTTCACCATTGCAACGCCGACCGGCGAAGGAACGACATCTGCGCGCACTTTCGCACGCTCTCGTCGTTGCGTGCTGACAAACGGTTTTTCTATTCGCTAA,1,546,NCBI,Citrobacter freundii,Citrobacter,Enterobacteriaceae,Enterobacterales,Pseudomonadota,Gammaproteobacteria,.,.,.,.,.,2,K13922
MQQEALGMVETKGLTAAIEAADAMVKSANVMLVGYEKIGSGLVTVIVRGDVGAVKAATDAGAAAARNVGEVKAVHVIPRPHTDVEKILPKGIS,QRZ63_RS08710,P0DUM6 ,BMC-H,Bacterial microcompartment shell protein PduA,4,ATGCAACAAGAAGCGTTAGGAATGGTAGAAACCAAAGGCTTAACTGCAGCCATAGAGGCCGCAGATGCAATGGTGAAGTCAGCCAATGTAATGCTGGTCGGCTACGAAAAAATTGGTTCGGGGCTGGTAACAGTTATTGTCCGCGGCGATGTCGGCGCAGTCAAAGCAGCAACAGATGCCGGTGCCGCCGCAGCCCGTAATGTGGGAGAAGTGAAAGCCGTACACGTTATCCCACGCCCGCATACCGATGTAGAAAAAATCTTACCGAAGGGAATTAGCTAA,1,546,NCBI,Citrobacter freundii,Citrobacter,Enterobacteriaceae,Enterobacterales,Pseudomonadota,Gammaproteobacteria,.,2,4P7T,4P7V,.,5,K27260
MSSNELVDQIMAQVIARVATPEQQAIPENNPPTRETAMAEKSCSLTEFVGTAIGDTVGLVIANVDSALLDAMKLEKRYRSIGILGARTGAGPHIMAADEAVKATNTEVVSIELPRDTKGGAGHGSLIILGGNDVSDVKRGIEVALKELDRTFGDVYANEAGHIEMQYTARASYALEKAFGAPIGRACGVIVGAPASVGVLMADTALKSANVEVVAYSSPAHGTSFSNEAILVISGDSGAVRQAVISAREIGKTVLGTLGSEPKNDRPSYI,,B1VB63,BMC-T,Bacterial microcompartment protein homotrimer PduB,4,ATGAGCAGCAATGAGCTGGTTGATCAGATCATGGCGCAGGTGATTGCTCGCGTGGCAACGCCGGAACAGCAGGCTATCCCTGAAAATAATCCTCCAACACGAGAAACGGCTATGGCAGAGAAAAGCTGCAGTTTAACGGAGTTTGTCGGTACTGCGATTGGCGACACCGTCGGTCTGGTAATCGCCAACGTGGACAGCGCCCTACTGGACGCAATGAAACTTGAAAAACGGTATCGCTCCATTGGCATCCTTGGCGCGCGTACTGGTGCAGGCCCGCACATCATGGCCGCAGATGAAGCGGTAAAAGCCACCAATACTGAAGTCGTCAGTATTGAGTTGCCACGTGATACCAAAGGCGGCGCGGGTCACGGTTCGCTGATTATTCTCGGCGGCAACGATGTTTCCGACGTGAAACGCGGAATTGAGGTTGCGCTGAAAGAACTGGATCGCACCTTTGGCGATGTGTATGCCAACGAAGCCGGTCACATCGAGATGCAATACACCGCACGCGCCAGCTACGCGCTGGAAAAAGCCTTTGGTGCACCGATTGGCCGTGCCTGTGGCGTGATCGTCGGCGCGCCGGCATCCGTTGGTGTCCTGATGGCTGATACTGCGCTGAAATCCGCCAACGTGGAAGTTGTGGCCTACAGCTCCCCTGCCCATGGCACCAGCTTCAGTAACGAAGCCATTCTGGTCATTTCAGGCGATTCCGGCGCTGTGCGTCAGGCCGTTATCTCCGCCCGCGAAATCGGTAAAACCGTACTCGGGACCCTCGGCTCAGAACCGAAAAACGATCGTCCGTCCTACATCTGA,1,546,NCBI,Citrobacter freundii,Citrobacter,Enterobacteriaceae,Enterobacterales,Pseudomonadota,Gammaproteobacteria,.,.,.,.,.,6,K27263
