prot_ID,prot_seq,locus_NCBI_ID,UniProt_ID,struct_prot_type,gene_id,gene_name,dna_seq,tax_ID,tax_ref,tax_db,species,genus,family,order_tax,phylum,class_tax,strain,pdb_id,pdb_acc_1,pdb_acc_2,pdb_acc_3,path_id,KO_ref
1,MHLARVTGVVVSTQKSPSLVGKKLLLVRRVSADGELPASPVSGDEVAVDSVGAGTGELVLLSSGSSARHVFSGPNEAIDLAIVGIVDTLSR,JMV71_RS09440,P0DUV6,BMC-P,1,pduN,ATGCATCTGGCACGGGTTACAGGCGTTGTGGTTTCCACGCAAAAATCTCCATCACTGGTGGGGAAGAAACTGTTGCTGGTACGTCGGGTGAGTGCGGACGGAGAACTTCCCGCGTCCCCTGTGAGTGGAGATGAAGTCGCGGTTGATTCTGTCGGCGCTGGAACTGGAGAACTGGTATTACTCAGCAGTGGCTCCAGCGCCAGACACGTTTTTTCCGGCCCTAATGAGGCCATCGATCTGGCTATCGTCGGCATTGTCGACACGCTTTCTCGTTAG,1,546,NCBI,Citrobacter freundii,Citrobacter,Enterobacteriaceae,Enterobacterales,Pseudomonadota,Gammaproteobacteria,.,.,.,.,.,1,K27269
2,MADALGMIEVRGFVGMVEAADAMVKAAKVELIGYEKTGGGYVTAVVRGDVAAVKAATEAGQRAAERVGEVVAVHVIPRPHVNVDAALPLGRTPGMDKSA,HOCH_RS28905,D0LID5,BMC-H,2,hoch_5815,ATGGCGGACGCACTGGGTATGATTGAAGTTCGTGGTTTTGTTGGTATGGTGGAAGCGGCGGATGCTATGGTGAAAGCGGCTAAAGTTGAACTGATTGGTTATGAAAAAACCGGCGGTGGCTACGTGACGGCAGTGGTTCGTGGTGATGTCGCAGCAGTTAAGGCAGCTACCGAAGCCGGTCAGCGTGCAGCAGAACGTGTTGGTGAAGTCGTGGCAGTTCATGTCATCCCGCGTCCGCACGTGAACGTTGATGCAGCTCTGCCGCTGGGTCGTACGCCGGGTATGGACAAAAGCGCGTAA,2,502025,NCBI,Haliangium ochraceum,Haliangium,Kofleriaceae,Haliangiales,Myxococcota,Myxococcia,DSM 14365,1,6NLU,5DJB,.,null,null
3,MNTSELETLIRNILSEQLAPAKAEVKGNGIFPSVSEAIDAAHQAFLRYQQCPLKTRSAIINALREELTPHLASLAAESAAETGMGNKEDKFLKNKAALDNTPGIEDLTTTALTGDGGMVLFEYSPFGVIGSVAPSTNPTETIINNSISMLAAGNSVYFSPHPGAKAVSLKLITMIEDIAFRCCGIRNLVVTVTEPTFEATQQMMAHPKIAVLAITGGPGIVAMGMKSGKKVIGAGAGNPPCIVDETADLVKAAEDIINGASFDFNLPCIAEKSLIVVDAVAERLVQQMQSFGAMRLNSEEIDKLRAVCLPEGIANKQLVGKSPATLLEAAGIPVPAKAPRLLIGIVKADDPWVTSEQLMPMLPIVTVSDFDSALTLALKVEEGLHHTAIMHSQNVSRLNLAARTLQTSIFVKNGPSYAGIGVGGEGFTTFTIATPTGEGTTSARTFARSRRCVLTNGFSIR,JMV71_RS09430,B1VB75,No structural,3,pduP,ATGAACACTTCAGAACTTGAAACCCTTATTCGTAACATTTTGAGTGAGCAACTTGCCCCGGCAAAAGCAGAAGTTAAGGGTAATGGAATTTTTCCGTCCGTTAGCGAAGCGATCGATGCCGCTCATCAGGCTTTTCTGCGTTATCAGCAATGTCCATTGAAAACCCGCAGCGCCATCATTAACGCCCTGCGAGAAGAGCTGACGCCTCACCTTGCTTCATTGGCTGCTGAAAGCGCTGCCGAAACGGGAATGGGCAACAAAGAGGATAAGTTCCTTAAAAATAAAGCTGCGTTGGACAATACCCCGGGCATCGAAGATCTCACCACCACGGCGCTTACTGGCGACGGCGGCATGGTGTTATTCGAGTATTCACCCTTTGGCGTGATTGGTTCCGTCGCCCCCAGTACCAACCCGACTGAAACCATTATTAACAACAGCATCAGTATGCTGGCTGCGGGAAATAGCGTTTATTTTAGCCCACATCCAGGTGCAAAAGCGGTCTCACTGAAGCTGATTACCATGATTGAAGATATTGCTTTTCGCTGCTGCGGGATTCGGAATCTTGTCGTCACGGTCACAGAACCCACTTTTGAGGCTACCCAGCAGATGATGGCGCACCCTAAAATCGCAGTTCTGGCGATTACCGGTGGTCCAGGCATTGTTGCTATGGGCATGAAAAGCGGGAAAAAAGTCATTGGCGCAGGCGCAGGTAATCCTCCCTGCATTGTTGATGAAACAGCCGACCTGGTTAAGGCGGCGGAAGATATCATCAATGGCGCATCCTTTGATTTCAACCTCCCCTGCATTGCTGAGAAGAGCCTGATTGTTGTTGATGCCGTTGCTGAACGACTGGTTCAACAAATGCAGTCTTTTGGCGCGATGCGACTCAATAGCGAAGAGATAGACAAACTGCGCGCAGTTTGTCTGCCAGAAGGAATAGCCAATAAACAACTGGTAGGGAAAAGCCCGGCAACCTTACTGGAAGCCGCGGGAATACCGGTTCCGGCAAAAGCACCTCGATTACTGATAGGTATCGTCAAGGCTGACGACCCATGGGTTACCAGCGAGCAACTGATGCCAATGCTCCCCATCGTAACGGTGAGCGATTTTGACAGCGCGTTAACGTTGGCCCTGAAGGTTGAAGAGGGATTGCATCACACCGCCATTATGCATTCGCAAAATGTGTCACGTCTGAACCTTGCCGCGCGCACGCTTCAGACCTCCATTTTTGTGAAAAATGGCCCCTCTTATGCTGGGATTGGCGTTGGTGGTGAAGGCTTTACCACCTTCACCATTGCAACGCCGACCGGCGAAGGAACGACATCTGCGCGCACTTTCGCACGCTCTCGTCGTTGCGTGCTGACAAACGGTTTTTCTATTCGCTAA,1,546,NCBI,Citrobacter freundii,Citrobacter,Enterobacteriaceae,Enterobacterales,Pseudomonadota,Gammaproteobacteria,.,.,.,.,.,2,K13922
4,MAHDEQLWLTPRLQKAAALCNQTPAASDTPLWLGVDLGTCDVVSMVVDGNAQPVAVCLDWADVVRDGIVWDFFGAVTLVRRHLDTLEQQLGCRFTHAATSFPPGTDPRISINVLESAGLEVSHVLDEPTAVADLLALDNAGVVDIGGGTTGIAIVKQGKVTYSADEATGGHHISLTLAGNRRIPLEEAEQYKRSNAQEIWPVVKPVYEKMAEIVARHIEGQGIADLWLAGGSCMQPGVEALFRQRFPELQVHLPQHSLFMTPLAIANSGRAKAEGLYAS,STM2462,P0A206,No structural,4,eutJ,TCAGCTTGCATAGAGTCCCTCCGCTTTCGCTCTCCCGCTGTTGGCTATCGCCAGCGGGGTCATAAACAGGCTGTGCTGCGGCAAATGCACCTGTAACTCCGGGAAACGCTGGCGAAATAACGCCTCCACGCCCGGCTGCATACAGGAGCCGCCCGCCAGCCATAAATCAGCAATTCCTTGCCCTTCAATGTGGCGAGCAACGATTTCCGCCATCTTTTCGTACACCGGCTTCACTACCGGCCAAATCTCCTGCGCATTGCTGCGCTTGTACTGTTCCGCCTCTTCCAGGGGAATACGGCGGTTGCCCGCCAGCGTCAGGGAGATATGGTGCCCGCCAGTGGCTTCATCGGCGGAGTAAGTCACCTTGCCCTGTTTGACGATGGCAATGCCGGTAGTGCCGCCGCCAATATCCACCACGCCTGCATTATCAAGCGCCAGCAGATCCGCTACCGCCGTCGGTTCATCCAGTACATGGCTGACTTCTAACCCGGCAGACTCCAGCACGTTGATCGAAATACGCGGGTCGGTGCCTGGCGGAAACGAGGTCGCCGCGTGGGTAAAGCGGCAGCCGAGCTGCTGTTCAAGGGTGTCGAGATGGCGGCGCACGAGGGTGACGGCGCCGAAGAAATCCCAGACGATGCCGTCACGCACAACGTCGGCCCAGTCAAGGCATACCGCCACCGGCTGGGCGTTGCCGTCGACCACCATCGACACCACGTCGCAGGTGCCCAAATCGACGCCCAGCCACAGCGGTGTATCGCTGGCGGCGGGCGTCTGGTTACACAGGGCCGCCGCTTTTTGCAGTCTTGGGGTGAGCCAGAGTTGTTCGTCGTGCGCCAT,3,99287,NCBI,Salmonella typhimurium,Salmonella,Enterobacteriaceae,Enterobacterales,Pseudomonadota,Gammaproteobacteria,LT2 / SGSC1412 / ATCC 700720,.,.,.,.,3,K04024
5,MPALDLIRPSVTAMRVIASVNDGFARELKLPPHIRSLGLITADSDDVTYIAADEATKQAMVEVVYGRSLYAGAAHGPSPTAGEVLIMLGGPNPAEVRAGLDAMVASIENGAAFQWANDAENTAFLAHVVSRTGSYLSSTAGIALGDPMAYLVAPPLEATFGIDAAMKSADVQLVTYVPPPSETNYSAAFLTGSQAACKACNAFTDAVLDIARNPVQRA,STM2456,P0A1C9,BMC-T,5,eutL,ATGCCTGCATTAGATTTAATTCGACCTTCCGTGACTGCCATGCGCGTGATTGCCTCCGTGAATGACGGCTTTGCGCGGGAACTTAAATTACCGCCACATATACGTAGTCTCGGACTCATCACGGCAGATTCTGATGATGTGACCTATATTGCCGCTGACGAAGCGACAAAACAGGCGATGGTGGAAGTGGTCTATGGCCGCTCCCTCTATGCCGGGGCGGCTCACGGGCCGTCGCCTACCGCTGGTGAGGTGTTGATTATGCTGGGCGGACCGAACCCGGCGGAAGTGCGCGCCGGTCTGGATGCAATGGTCGCCAGCATTGAAAACGGCGCGGCGTTCCAGTGGGCGAACGATGCGGAAAATACCGCATTCCTGGCGCATGTGGTTTCGCGTACCGGCTCGTACCTCTCGTCTACCGCAGGTATCGCGCTGGGCGATCCAATGGCCTACCTGGTGGCGCCGCCGCTGGAAGCGACATTCGGCATTGACGCGGCGATGAAATCCGCTGACGTTCAGCTGGTGACTTACGTGCCGCCGCCGTCGGAAACCAACTATTCGGCCGCGTTCTTAACCGGAAGCCAGGCCGCGTGTAAAGCCGCCTGCAACGCCTTTACCGACGCCGTGCTGGATATCGCCCGTAACCCTGTCCAGCGTGCGTAA,3,99287,NCBI,Salmonella typhimurium,Salmonella,Enterobacteriaceae,Enterobacterales,Pseudomonadota,Gammaproteobacteria,LT2 / SGSC1412 / ATCC 700720,.,.,.,.,4,K04026
6,MQQEALGMVETKGLTAAIEAADAMVKSANVMLVGYEKIGSGLVTVIVRGDVGAVKAATDAGAAAARNVGEVKAVHVIPRPHTDVEKILPKGIS,QRZ63_RS08710,P0DUM6 ,BMC-H,6,pduA,ATGCAACAAGAAGCGTTAGGAATGGTAGAAACCAAAGGCTTAACTGCAGCCATAGAGGCCGCAGATGCAATGGTGAAGTCAGCCAATGTAATGCTGGTCGGCTACGAAAAAATTGGTTCGGGGCTGGTAACAGTTATTGTCCGCGGCGATGTCGGCGCAGTCAAAGCAGCAACAGATGCCGGTGCCGCCGCAGCCCGTAATGTGGGAGAAGTGAAAGCCGTACACGTTATCCCACGCCCGCATACCGATGTAGAAAAAATCTTACCGAAGGGAATTAGCTAA,1,546,NCBI,Citrobacter freundii,Citrobacter,Enterobacteriaceae,Enterobacterales,Pseudomonadota,Gammaproteobacteria,.,2,4P7T,4P7V,.,5,K27260
7,MSSNELVDQIMAQVIARVATPEQQAIPENNPPTRETAMAEKSCSLTEFVGTAIGDTVGLVIANVDSALLDAMKLEKRYRSIGILGARTGAGPHIMAADEAVKATNTEVVSIELPRDTKGGAGHGSLIILGGNDVSDVKRGIEVALKELDRTFGDVYANEAGHIEMQYTARASYALEKAFGAPIGRACGVIVGAPASVGVLMADTALKSANVEVVAYSSPAHGTSFSNEAILVISGDSGAVRQAVISAREIGKTVLGTLGSEPKNDRPSYI,unknown,B1VB63,BMC-T,7,pduB,ATGAGCAGCAATGAGCTGGTTGATCAGATCATGGCGCAGGTGATTGCTCGCGTGGCAACGCCGGAACAGCAGGCTATCCCTGAAAATAATCCTCCAACACGAGAAACGGCTATGGCAGAGAAAAGCTGCAGTTTAACGGAGTTTGTCGGTACTGCGATTGGCGACACCGTCGGTCTGGTAATCGCCAACGTGGACAGCGCCCTACTGGACGCAATGAAACTTGAAAAACGGTATCGCTCCATTGGCATCCTTGGCGCGCGTACTGGTGCAGGCCCGCACATCATGGCCGCAGATGAAGCGGTAAAAGCCACCAATACTGAAGTCGTCAGTATTGAGTTGCCACGTGATACCAAAGGCGGCGCGGGTCACGGTTCGCTGATTATTCTCGGCGGCAACGATGTTTCCGACGTGAAACGCGGAATTGAGGTTGCGCTGAAAGAACTGGATCGCACCTTTGGCGATGTGTATGCCAACGAAGCCGGTCACATCGAGATGCAATACACCGCACGCGCCAGCTACGCGCTGGAAAAAGCCTTTGGTGCACCGATTGGCCGTGCCTGTGGCGTGATCGTCGGCGCGCCGGCATCCGTTGGTGTCCTGATGGCTGATACTGCGCTGAAATCCGCCAACGTGGAAGTTGTGGCCTACAGCTCCCCTGCCCATGGCACCAGCTTCAGTAACGAAGCCATTCTGGTCATTTCAGGCGATTCCGGCGCTGTGCGTCAGGCCGTTATCTCCGCCCGCGAAATCGGTAAAACCGTACTCGGGACCCTCGGCTCAGAACCGAAAAACGATCGTCCGTCCTACATCTGA,1,546,NCBI,Citrobacter freundii,Citrobacter,Enterobacteriaceae,Enterobacterales,Pseudomonadota,Gammaproteobacteria,.,.,.,.,.,6,K27263
8,MAEKSCSLTEFVGTAIGDTVGLVIANVDSALLDAMKLEKRYRSIGILGARTGAGPHIMAADEAVKATNTEVVSIELPRDTKGGAGHGSLIILGGNDVSDVKRGIEVALKELDRTFGDVYANEAGHIEMQYTARASYALEKAFGAPIGRACGVIVGAPASVGVLMADTALKSANVEVVAYSSPAHGTSFSNEAILVISGDSGAVRQAVISAREIGKTVLGTLGSEPKNDRPSYI,unknown,B1VB63-2,BMC-T,8,PduB',ATGGCAGAGAAAAGCTGCAGTTTAACGGAGTTTGTCGGTACTGCGATTGGCGACACCGTCGGTCTGGTAATCGCCAACGTGGACAGCGCCCTACTGGACGCAATGAAACTTGAAAAACGGTATCGCTCCATTGGCATCCTTGGCGCGCGTACTGGTGCAGGCCCGCACATCATGGCCGCAGATGAAGCGGTAAAAGCCACCAATACTGAAGTCGTCAGTATTGAGTTGCCACGTGATACCAAAGGCGGCGCGGGTCACGGTTCGCTGATTATTCTCGGCGGCAACGATGTTTCCGACGTGAAACGCGGAATTGAGGTTGCGCTGAAAGAACTGGATCGCACCTTTGGCGATGTGTATGCCAACGAAGCCGGTCACATCGAGATGCAATACACCGCACGCGCCAGCTACGCGCTGGAAAAAGCCTTTGGTGCACCGATTGGCCGTGCCTGTGGCGTGATCGTCGGCGCGCCGGCATCCGTTGGTGTCCTGATGGCTGATACTGCGCTGAAATCCGCCAACGTGGAAGTTGTGGCCTACAGCTCCCCTGCCCATGGCACCAGCTTCAGTAACGAAGCCATTCTGGTCATTTCAGGCGATTCCGGCGCTGTGCGTCAGGCCGTTATCTCCGCCCGCGAAATCGGTAAAACCGTACTCGGGACCCTCGGCTCAGAACCGAAAAACGATCGTCCGTCCTACATCTGA,1,546,NCBI,Citrobacter freundii,Citrobacter,Enterobacteriaceae,Enterobacterales,Pseudomonadota,Gammaproteobacteria,.,.,.,.,.,6,K27263
1,MHLARVTGVVVSTQKSPSLVGKKLLLVRRVSADGELPASPVSGDEVAVDSVGAGTGELVLLSSGSSARHVFSGPNEAIDLAIVGIVDTLSR,JMV71_RS09440,P0DUV6,BMC-P,9,Bacterial microcompartment shell vertex protein PduN,ATGCATCTGGCACGGGTTACAGGCGTTGTGGTTTCCACGCAAAAATCTCCATCACTGGTGGGGAAGAAACTGTTGCTGGTACGTCGGGTGAGTGCGGACGGAGAACTTCCCGCGTCCCCTGTGAGTGGAGATGAAGTCGCGGTTGATTCTGTCGGCGCTGGAACTGGAGAACTGGTATTACTCAGCAGTGGCTCCAGCGCCAGACACGTTTTTTCCGGCCCTAATGAGGCCATCGATCTGGCTATCGTCGGCATTGTCGACACGCTTTCTCGTTAG,1,546,NCBI,Citrobacter freundii,Citrobacter,Enterobacteriaceae,Enterobacterales,Pseudomonadota,Gammaproteobacteria,.,.,.,.,.,1,K27269
3,MNTSELETLIRNILSEQLAPAKAEVKGNGIFPSVSEAIDAAHQAFLRYQQCPLKTRSAIINALREELTPHLASLAAESAAETGMGNKEDKFLKNKAALDNTPGIEDLTTTALTGDGGMVLFEYSPFGVIGSVAPSTNPTETIINNSISMLAAGNSVYFSPHPGAKAVSLKLITMIEDIAFRCCGIRNLVVTVTEPTFEATQQMMAHPKIAVLAITGGPGIVAMGMKSGKKVIGAGAGNPPCIVDETADLVKAAEDIINGASFDFNLPCIAEKSLIVVDAVAERLVQQMQSFGAMRLNSEEIDKLRAVCLPEGIANKQLVGKSPATLLEAAGIPVPAKAPRLLIGIVKADDPWVTSEQLMPMLPIVTVSDFDSALTLALKVEEGLHHTAIMHSQNVSRLNLAARTLQTSIFVKNGPSYAGIGVGGEGFTTFTIATPTGEGTTSARTFARSRRCVLTNGFSIR,JMV71_RS09430,B1VB75,No structural,10,Propanal dehydrogenase,ATGAACACTTCAGAACTTGAAACCCTTATTCGTAACATTTTGAGTGAGCAACTTGCCCCGGCAAAAGCAGAAGTTAAGGGTAATGGAATTTTTCCGTCCGTTAGCGAAGCGATCGATGCCGCTCATCAGGCTTTTCTGCGTTATCAGCAATGTCCATTGAAAACCCGCAGCGCCATCATTAACGCCCTGCGAGAAGAGCTGACGCCTCACCTTGCTTCATTGGCTGCTGAAAGCGCTGCCGAAACGGGAATGGGCAACAAAGAGGATAAGTTCCTTAAAAATAAAGCTGCGTTGGACAATACCCCGGGCATCGAAGATCTCACCACCACGGCGCTTACTGGCGACGGCGGCATGGTGTTATTCGAGTATTCACCCTTTGGCGTGATTGGTTCCGTCGCCCCCAGTACCAACCCGACTGAAACCATTATTAACAACAGCATCAGTATGCTGGCTGCGGGAAATAGCGTTTATTTTAGCCCACATCCAGGTGCAAAAGCGGTCTCACTGAAGCTGATTACCATGATTGAAGATATTGCTTTTCGCTGCTGCGGGATTCGGAATCTTGTCGTCACGGTCACAGAACCCACTTTTGAGGCTACCCAGCAGATGATGGCGCACCCTAAAATCGCAGTTCTGGCGATTACCGGTGGTCCAGGCATTGTTGCTATGGGCATGAAAAGCGGGAAAAAAGTCATTGGCGCAGGCGCAGGTAATCCTCCCTGCATTGTTGATGAAACAGCCGACCTGGTTAAGGCGGCGGAAGATATCATCAATGGCGCATCCTTTGATTTCAACCTCCCCTGCATTGCTGAGAAGAGCCTGATTGTTGTTGATGCCGTTGCTGAACGACTGGTTCAACAAATGCAGTCTTTTGGCGCGATGCGACTCAATAGCGAAGAGATAGACAAACTGCGCGCAGTTTGTCTGCCAGAAGGAATAGCCAATAAACAACTGGTAGGGAAAAGCCCGGCAACCTTACTGGAAGCCGCGGGAATACCGGTTCCGGCAAAAGCACCTCGATTACTGATAGGTATCGTCAAGGCTGACGACCCATGGGTTACCAGCGAGCAACTGATGCCAATGCTCCCCATCGTAACGGTGAGCGATTTTGACAGCGCGTTAACGTTGGCCCTGAAGGTTGAAGAGGGATTGCATCACACCGCCATTATGCATTCGCAAAATGTGTCACGTCTGAACCTTGCCGCGCGCACGCTTCAGACCTCCATTTTTGTGAAAAATGGCCCCTCTTATGCTGGGATTGGCGTTGGTGGTGAAGGCTTTACCACCTTCACCATTGCAACGCCGACCGGCGAAGGAACGACATCTGCGCGCACTTTCGCACGCTCTCGTCGTTGCGTGCTGACAAACGGTTTTTCTATTCGCTAA,1,546,NCBI,Citrobacter freundii,Citrobacter,Enterobacteriaceae,Enterobacterales,Pseudomonadota,Gammaproteobacteria,.,.,.,.,.,2,K13922
4,MAHDEQLWLTPRLQKAAALCNQTPAASDTPLWLGVDLGTCDVVSMVVDGNAQPVAVCLDWADVVRDGIVWDFFGAVTLVRRHLDTLEQQLGCRFTHAATSFPPGTDPRISINVLESAGLEVSHVLDEPTAVADLLALDNAGVVDIGGGTTGIAIVKQGKVTYSADEATGGHHISLTLAGNRRIPLEEAEQYKRSNAQEIWPVVKPVYEKMAEIVARHIEGQGIADLWLAGGSCMQPGVEALFRQRFPELQVHLPQHSLFMTPLAIANSGRAKAEGLYAS,STM2462,P0A206,No structural,11,Ethanolamine utilization protein EutJ,TCAGCTTGCATAGAGTCCCTCCGCTTTCGCTCTCCCGCTGTTGGCTATCGCCAGCGGGGTCATAAACAGGCTGTGCTGCGGCAAATGCACCTGTAACTCCGGGAAACGCTGGCGAAATAACGCCTCCACGCCCGGCTGCATACAGGAGCCGCCCGCCAGCCATAAATCAGCAATTCCTTGCCCTTCAATGTGGCGAGCAACGATTTCCGCCATCTTTTCGTACACCGGCTTCACTACCGGCCAAATCTCCTGCGCATTGCTGCGCTTGTACTGTTCCGCCTCTTCCAGGGGAATACGGCGGTTGCCCGCCAGCGTCAGGGAGATATGGTGCCCGCCAGTGGCTTCATCGGCGGAGTAAGTCACCTTGCCCTGTTTGACGATGGCAATGCCGGTAGTGCCGCCGCCAATATCCACCACGCCTGCATTATCAAGCGCCAGCAGATCCGCTACCGCCGTCGGTTCATCCAGTACATGGCTGACTTCTAACCCGGCAGACTCCAGCACGTTGATCGAAATACGCGGGTCGGTGCCTGGCGGAAACGAGGTCGCCGCGTGGGTAAAGCGGCAGCCGAGCTGCTGTTCAAGGGTGTCGAGATGGCGGCGCACGAGGGTGACGGCGCCGAAGAAATCCCAGACGATGCCGTCACGCACAACGTCGGCCCAGTCAAGGCATACCGCCACCGGCTGGGCGTTGCCGTCGACCACCATCGACACCACGTCGCAGGTGCCCAAATCGACGCCCAGCCACAGCGGTGTATCGCTGGCGGCGGGCGTCTGGTTACACAGGGCCGCCGCTTTTTGCAGTCTTGGGGTGAGCCAGAGTTGTTCGTCGTGCGCCAT,3,99287,NCBI,Salmonella typhimurium,Salmonella,Enterobacteriaceae,Enterobacterales,Pseudomonadota,Gammaproteobacteria,LT2 / SGSC1412 / ATCC 700720,.,.,.,.,3,K04024
5,MPALDLIRPSVTAMRVIASVNDGFARELKLPPHIRSLGLITADSDDVTYIAADEATKQAMVEVVYGRSLYAGAAHGPSPTAGEVLIMLGGPNPAEVRAGLDAMVASIENGAAFQWANDAENTAFLAHVVSRTGSYLSSTAGIALGDPMAYLVAPPLEATFGIDAAMKSADVQLVTYVPPPSETNYSAAFLTGSQAACKACNAFTDAVLDIARNPVQRA,STM2456,P0A1C9,BMC-T,12,Bacterial microcompartment shell protein EutL,ATGCCTGCATTAGATTTAATTCGACCTTCCGTGACTGCCATGCGCGTGATTGCCTCCGTGAATGACGGCTTTGCGCGGGAACTTAAATTACCGCCACATATACGTAGTCTCGGACTCATCACGGCAGATTCTGATGATGTGACCTATATTGCCGCTGACGAAGCGACAAAACAGGCGATGGTGGAAGTGGTCTATGGCCGCTCCCTCTATGCCGGGGCGGCTCACGGGCCGTCGCCTACCGCTGGTGAGGTGTTGATTATGCTGGGCGGACCGAACCCGGCGGAAGTGCGCGCCGGTCTGGATGCAATGGTCGCCAGCATTGAAAACGGCGCGGCGTTCCAGTGGGCGAACGATGCGGAAAATACCGCATTCCTGGCGCATGTGGTTTCGCGTACCGGCTCGTACCTCTCGTCTACCGCAGGTATCGCGCTGGGCGATCCAATGGCCTACCTGGTGGCGCCGCCGCTGGAAGCGACATTCGGCATTGACGCGGCGATGAAATCCGCTGACGTTCAGCTGGTGACTTACGTGCCGCCGCCGTCGGAAACCAACTATTCGGCCGCGTTCTTAACCGGAAGCCAGGCCGCGTGTAAAGCCGCCTGCAACGCCTTTACCGACGCCGTGCTGGATATCGCCCGTAACCCTGTCCAGCGTGCGTAA,3,99287,NCBI,Salmonella typhimurium,Salmonella,Enterobacteriaceae,Enterobacterales,Pseudomonadota,Gammaproteobacteria,LT2 / SGSC1412 / ATCC 700720,.,.,.,.,4,K04026
6,MQQEALGMVETKGLTAAIEAADAMVKSANVMLVGYEKIGSGLVTVIVRGDVGAVKAATDAGAAAARNVGEVKAVHVIPRPHTDVEKILPKGIS,QRZ63_RS08710,P0DUM6 ,BMC-H,13,Bacterial microcompartment protein homohexamer  pduA,ATGCAACAAGAAGCGTTAGGAATGGTAGAAACCAAAGGCTTAACTGCAGCCATAGAGGCCGCAGATGCAATGGTGAAGTCAGCCAATGTAATGCTGGTCGGCTACGAAAAAATTGGTTCGGGGCTGGTAACAGTTATTGTCCGCGGCGATGTCGGCGCAGTCAAAGCAGCAACAGATGCCGGTGCCGCCGCAGCCCGTAATGTGGGAGAAGTGAAAGCCGTACACGTTATCCCACGCCCGCATACCGATGTAGAAAAAATCTTACCGAAGGGAATTAGCTAA,1,546,NCBI,Citrobacter freundii,Citrobacter,Enterobacteriaceae,Enterobacterales,Pseudomonadota,Gammaproteobacteria,.,2,4P7T,4P7V,.,5,K27260
7,MSSNELVDQIMAQVIARVATPEQQAIPENNPPTRETAMAEKSCSLTEFVGTAIGDTVGLVIANVDSALLDAMKLEKRYRSIGILGARTGAGPHIMAADEAVKATNTEVVSIELPRDTKGGAGHGSLIILGGNDVSDVKRGIEVALKELDRTFGDVYANEAGHIEMQYTARASYALEKAFGAPIGRACGVIVGAPASVGVLMADTALKSANVEVVAYSSPAHGTSFSNEAILVISGDSGAVRQAVISAREIGKTVLGTLGSEPKNDRPSYI,unknown,B1VB63,BMC-T,14,Bacterial microcompartment shell protein PduB,ATGAGCAGCAATGAGCTGGTTGATCAGATCATGGCGCAGGTGATTGCTCGCGTGGCAACGCCGGAACAGCAGGCTATCCCTGAAAATAATCCTCCAACACGAGAAACGGCTATGGCAGAGAAAAGCTGCAGTTTAACGGAGTTTGTCGGTACTGCGATTGGCGACACCGTCGGTCTGGTAATCGCCAACGTGGACAGCGCCCTACTGGACGCAATGAAACTTGAAAAACGGTATCGCTCCATTGGCATCCTTGGCGCGCGTACTGGTGCAGGCCCGCACATCATGGCCGCAGATGAAGCGGTAAAAGCCACCAATACTGAAGTCGTCAGTATTGAGTTGCCACGTGATACCAAAGGCGGCGCGGGTCACGGTTCGCTGATTATTCTCGGCGGCAACGATGTTTCCGACGTGAAACGCGGAATTGAGGTTGCGCTGAAAGAACTGGATCGCACCTTTGGCGATGTGTATGCCAACGAAGCCGGTCACATCGAGATGCAATACACCGCACGCGCCAGCTACGCGCTGGAAAAAGCCTTTGGTGCACCGATTGGCCGTGCCTGTGGCGTGATCGTCGGCGCGCCGGCATCCGTTGGTGTCCTGATGGCTGATACTGCGCTGAAATCCGCCAACGTGGAAGTTGTGGCCTACAGCTCCCCTGCCCATGGCACCAGCTTCAGTAACGAAGCCATTCTGGTCATTTCAGGCGATTCCGGCGCTGTGCGTCAGGCCGTTATCTCCGCCCGCGAAATCGGTAAAACCGTACTCGGGACCCTCGGCTCAGAACCGAAAAACGATCGTCCGTCCTACATCTGA,1,546,NCBI,Citrobacter freundii,Citrobacter,Enterobacteriaceae,Enterobacterales,Pseudomonadota,Gammaproteobacteria,.,.,.,.,.,6,K27263
1,MHLARVTGVVVSTQKSPSLVGKKLLLVRRVSADGELPASPVSGDEVAVDSVGAGTGELVLLSSGSSARHVFSGPNEAIDLAIVGIVDTLSR,JMV71_RS09440,P0DUV6,BMC-P,15,Propanediol utilization protein PduN,ATGCATCTGGCACGGGTTACAGGCGTTGTGGTTTCCACGCAAAAATCTCCATCACTGGTGGGGAAGAAACTGTTGCTGGTACGTCGGGTGAGTGCGGACGGAGAACTTCCCGCGTCCCCTGTGAGTGGAGATGAAGTCGCGGTTGATTCTGTCGGCGCTGGAACTGGAGAACTGGTATTACTCAGCAGTGGCTCCAGCGCCAGACACGTTTTTTCCGGCCCTAATGAGGCCATCGATCTGGCTATCGTCGGCATTGTCGACACGCTTTCTCGTTAG,1,546,NCBI,Citrobacter freundii,Citrobacter,Enterobacteriaceae,Enterobacterales,Pseudomonadota,Gammaproteobacteria,.,.,.,.,.,1,K27269
3,MNTSELETLIRNILSEQLAPAKAEVKGNGIFPSVSEAIDAAHQAFLRYQQCPLKTRSAIINALREELTPHLASLAAESAAETGMGNKEDKFLKNKAALDNTPGIEDLTTTALTGDGGMVLFEYSPFGVIGSVAPSTNPTETIINNSISMLAAGNSVYFSPHPGAKAVSLKLITMIEDIAFRCCGIRNLVVTVTEPTFEATQQMMAHPKIAVLAITGGPGIVAMGMKSGKKVIGAGAGNPPCIVDETADLVKAAEDIINGASFDFNLPCIAEKSLIVVDAVAERLVQQMQSFGAMRLNSEEIDKLRAVCLPEGIANKQLVGKSPATLLEAAGIPVPAKAPRLLIGIVKADDPWVTSEQLMPMLPIVTVSDFDSALTLALKVEEGLHHTAIMHSQNVSRLNLAARTLQTSIFVKNGPSYAGIGVGGEGFTTFTIATPTGEGTTSARTFARSRRCVLTNGFSIR,JMV71_RS09430,B1VB75,No structural,16,Coenzyme-A-acylating propionaldehyde dehydrogenase,ATGAACACTTCAGAACTTGAAACCCTTATTCGTAACATTTTGAGTGAGCAACTTGCCCCGGCAAAAGCAGAAGTTAAGGGTAATGGAATTTTTCCGTCCGTTAGCGAAGCGATCGATGCCGCTCATCAGGCTTTTCTGCGTTATCAGCAATGTCCATTGAAAACCCGCAGCGCCATCATTAACGCCCTGCGAGAAGAGCTGACGCCTCACCTTGCTTCATTGGCTGCTGAAAGCGCTGCCGAAACGGGAATGGGCAACAAAGAGGATAAGTTCCTTAAAAATAAAGCTGCGTTGGACAATACCCCGGGCATCGAAGATCTCACCACCACGGCGCTTACTGGCGACGGCGGCATGGTGTTATTCGAGTATTCACCCTTTGGCGTGATTGGTTCCGTCGCCCCCAGTACCAACCCGACTGAAACCATTATTAACAACAGCATCAGTATGCTGGCTGCGGGAAATAGCGTTTATTTTAGCCCACATCCAGGTGCAAAAGCGGTCTCACTGAAGCTGATTACCATGATTGAAGATATTGCTTTTCGCTGCTGCGGGATTCGGAATCTTGTCGTCACGGTCACAGAACCCACTTTTGAGGCTACCCAGCAGATGATGGCGCACCCTAAAATCGCAGTTCTGGCGATTACCGGTGGTCCAGGCATTGTTGCTATGGGCATGAAAAGCGGGAAAAAAGTCATTGGCGCAGGCGCAGGTAATCCTCCCTGCATTGTTGATGAAACAGCCGACCTGGTTAAGGCGGCGGAAGATATCATCAATGGCGCATCCTTTGATTTCAACCTCCCCTGCATTGCTGAGAAGAGCCTGATTGTTGTTGATGCCGTTGCTGAACGACTGGTTCAACAAATGCAGTCTTTTGGCGCGATGCGACTCAATAGCGAAGAGATAGACAAACTGCGCGCAGTTTGTCTGCCAGAAGGAATAGCCAATAAACAACTGGTAGGGAAAAGCCCGGCAACCTTACTGGAAGCCGCGGGAATACCGGTTCCGGCAAAAGCACCTCGATTACTGATAGGTATCGTCAAGGCTGACGACCCATGGGTTACCAGCGAGCAACTGATGCCAATGCTCCCCATCGTAACGGTGAGCGATTTTGACAGCGCGTTAACGTTGGCCCTGAAGGTTGAAGAGGGATTGCATCACACCGCCATTATGCATTCGCAAAATGTGTCACGTCTGAACCTTGCCGCGCGCACGCTTCAGACCTCCATTTTTGTGAAAAATGGCCCCTCTTATGCTGGGATTGGCGTTGGTGGTGAAGGCTTTACCACCTTCACCATTGCAACGCCGACCGGCGAAGGAACGACATCTGCGCGCACTTTCGCACGCTCTCGTCGTTGCGTGCTGACAAACGGTTTTTCTATTCGCTAA,1,546,NCBI,Citrobacter freundii,Citrobacter,Enterobacteriaceae,Enterobacterales,Pseudomonadota,Gammaproteobacteria,.,.,.,.,.,2,K13922
5,MPALDLIRPSVTAMRVIASVNDGFARELKLPPHIRSLGLITADSDDVTYIAADEATKQAMVEVVYGRSLYAGAAHGPSPTAGEVLIMLGGPNPAEVRAGLDAMVASIENGAAFQWANDAENTAFLAHVVSRTGSYLSSTAGIALGDPMAYLVAPPLEATFGIDAAMKSADVQLVTYVPPPSETNYSAAFLTGSQAACKACNAFTDAVLDIARNPVQRA,STM2456,P0A1C9,BMC-T,17,Ethanolamine utilization protein EutL,ATGCCTGCATTAGATTTAATTCGACCTTCCGTGACTGCCATGCGCGTGATTGCCTCCGTGAATGACGGCTTTGCGCGGGAACTTAAATTACCGCCACATATACGTAGTCTCGGACTCATCACGGCAGATTCTGATGATGTGACCTATATTGCCGCTGACGAAGCGACAAAACAGGCGATGGTGGAAGTGGTCTATGGCCGCTCCCTCTATGCCGGGGCGGCTCACGGGCCGTCGCCTACCGCTGGTGAGGTGTTGATTATGCTGGGCGGACCGAACCCGGCGGAAGTGCGCGCCGGTCTGGATGCAATGGTCGCCAGCATTGAAAACGGCGCGGCGTTCCAGTGGGCGAACGATGCGGAAAATACCGCATTCCTGGCGCATGTGGTTTCGCGTACCGGCTCGTACCTCTCGTCTACCGCAGGTATCGCGCTGGGCGATCCAATGGCCTACCTGGTGGCGCCGCCGCTGGAAGCGACATTCGGCATTGACGCGGCGATGAAATCCGCTGACGTTCAGCTGGTGACTTACGTGCCGCCGCCGTCGGAAACCAACTATTCGGCCGCGTTCTTAACCGGAAGCCAGGCCGCGTGTAAAGCCGCCTGCAACGCCTTTACCGACGCCGTGCTGGATATCGCCCGTAACCCTGTCCAGCGTGCGTAA,3,99287,NCBI,Salmonella typhimurium,Salmonella,Enterobacteriaceae,Enterobacterales,Pseudomonadota,Gammaproteobacteria,LT2 / SGSC1412 / ATCC 700720,.,.,.,.,4,K04026
6,MQQEALGMVETKGLTAAIEAADAMVKSANVMLVGYEKIGSGLVTVIVRGDVGAVKAATDAGAAAARNVGEVKAVHVIPRPHTDVEKILPKGIS,QRZ63_RS08710,P0DUM6 ,BMC-H,18,Propanediol utilization protein PduA,ATGCAACAAGAAGCGTTAGGAATGGTAGAAACCAAAGGCTTAACTGCAGCCATAGAGGCCGCAGATGCAATGGTGAAGTCAGCCAATGTAATGCTGGTCGGCTACGAAAAAATTGGTTCGGGGCTGGTAACAGTTATTGTCCGCGGCGATGTCGGCGCAGTCAAAGCAGCAACAGATGCCGGTGCCGCCGCAGCCCGTAATGTGGGAGAAGTGAAAGCCGTACACGTTATCCCACGCCCGCATACCGATGTAGAAAAAATCTTACCGAAGGGAATTAGCTAA,1,546,NCBI,Citrobacter freundii,Citrobacter,Enterobacteriaceae,Enterobacterales,Pseudomonadota,Gammaproteobacteria,.,2,4P7T,4P7V,.,5,K27260
7,MSSNELVDQIMAQVIARVATPEQQAIPENNPPTRETAMAEKSCSLTEFVGTAIGDTVGLVIANVDSALLDAMKLEKRYRSIGILGARTGAGPHIMAADEAVKATNTEVVSIELPRDTKGGAGHGSLIILGGNDVSDVKRGIEVALKELDRTFGDVYANEAGHIEMQYTARASYALEKAFGAPIGRACGVIVGAPASVGVLMADTALKSANVEVVAYSSPAHGTSFSNEAILVISGDSGAVRQAVISAREIGKTVLGTLGSEPKNDRPSYI,unknown,B1VB63,BMC-T,19,Propanediol utilization protein PduB,ATGAGCAGCAATGAGCTGGTTGATCAGATCATGGCGCAGGTGATTGCTCGCGTGGCAACGCCGGAACAGCAGGCTATCCCTGAAAATAATCCTCCAACACGAGAAACGGCTATGGCAGAGAAAAGCTGCAGTTTAACGGAGTTTGTCGGTACTGCGATTGGCGACACCGTCGGTCTGGTAATCGCCAACGTGGACAGCGCCCTACTGGACGCAATGAAACTTGAAAAACGGTATCGCTCCATTGGCATCCTTGGCGCGCGTACTGGTGCAGGCCCGCACATCATGGCCGCAGATGAAGCGGTAAAAGCCACCAATACTGAAGTCGTCAGTATTGAGTTGCCACGTGATACCAAAGGCGGCGCGGGTCACGGTTCGCTGATTATTCTCGGCGGCAACGATGTTTCCGACGTGAAACGCGGAATTGAGGTTGCGCTGAAAGAACTGGATCGCACCTTTGGCGATGTGTATGCCAACGAAGCCGGTCACATCGAGATGCAATACACCGCACGCGCCAGCTACGCGCTGGAAAAAGCCTTTGGTGCACCGATTGGCCGTGCCTGTGGCGTGATCGTCGGCGCGCCGGCATCCGTTGGTGTCCTGATGGCTGATACTGCGCTGAAATCCGCCAACGTGGAAGTTGTGGCCTACAGCTCCCCTGCCCATGGCACCAGCTTCAGTAACGAAGCCATTCTGGTCATTTCAGGCGATTCCGGCGCTGTGCGTCAGGCCGTTATCTCCGCCCGCGAAATCGGTAAAACCGTACTCGGGACCCTCGGCTCAGAACCGAAAAACGATCGTCCGTCCTACATCTGA,1,546,NCBI,Citrobacter freundii,Citrobacter,Enterobacteriaceae,Enterobacterales,Pseudomonadota,Gammaproteobacteria,.,.,.,.,.,6,K27263
3,MNTSELETLIRNILSEQLAPAKAEVKGNGIFPSVSEAIDAAHQAFLRYQQCPLKTRSAIINALREELTPHLASLAAESAAETGMGNKEDKFLKNKAALDNTPGIEDLTTTALTGDGGMVLFEYSPFGVIGSVAPSTNPTETIINNSISMLAAGNSVYFSPHPGAKAVSLKLITMIEDIAFRCCGIRNLVVTVTEPTFEATQQMMAHPKIAVLAITGGPGIVAMGMKSGKKVIGAGAGNPPCIVDETADLVKAAEDIINGASFDFNLPCIAEKSLIVVDAVAERLVQQMQSFGAMRLNSEEIDKLRAVCLPEGIANKQLVGKSPATLLEAAGIPVPAKAPRLLIGIVKADDPWVTSEQLMPMLPIVTVSDFDSALTLALKVEEGLHHTAIMHSQNVSRLNLAARTLQTSIFVKNGPSYAGIGVGGEGFTTFTIATPTGEGTTSARTFARSRRCVLTNGFSIR,JMV71_RS09430,B1VB75,No structural,20,"
Propanediol utilization protein PduP",ATGAACACTTCAGAACTTGAAACCCTTATTCGTAACATTTTGAGTGAGCAACTTGCCCCGGCAAAAGCAGAAGTTAAGGGTAATGGAATTTTTCCGTCCGTTAGCGAAGCGATCGATGCCGCTCATCAGGCTTTTCTGCGTTATCAGCAATGTCCATTGAAAACCCGCAGCGCCATCATTAACGCCCTGCGAGAAGAGCTGACGCCTCACCTTGCTTCATTGGCTGCTGAAAGCGCTGCCGAAACGGGAATGGGCAACAAAGAGGATAAGTTCCTTAAAAATAAAGCTGCGTTGGACAATACCCCGGGCATCGAAGATCTCACCACCACGGCGCTTACTGGCGACGGCGGCATGGTGTTATTCGAGTATTCACCCTTTGGCGTGATTGGTTCCGTCGCCCCCAGTACCAACCCGACTGAAACCATTATTAACAACAGCATCAGTATGCTGGCTGCGGGAAATAGCGTTTATTTTAGCCCACATCCAGGTGCAAAAGCGGTCTCACTGAAGCTGATTACCATGATTGAAGATATTGCTTTTCGCTGCTGCGGGATTCGGAATCTTGTCGTCACGGTCACAGAACCCACTTTTGAGGCTACCCAGCAGATGATGGCGCACCCTAAAATCGCAGTTCTGGCGATTACCGGTGGTCCAGGCATTGTTGCTATGGGCATGAAAAGCGGGAAAAAAGTCATTGGCGCAGGCGCAGGTAATCCTCCCTGCATTGTTGATGAAACAGCCGACCTGGTTAAGGCGGCGGAAGATATCATCAATGGCGCATCCTTTGATTTCAACCTCCCCTGCATTGCTGAGAAGAGCCTGATTGTTGTTGATGCCGTTGCTGAACGACTGGTTCAACAAATGCAGTCTTTTGGCGCGATGCGACTCAATAGCGAAGAGATAGACAAACTGCGCGCAGTTTGTCTGCCAGAAGGAATAGCCAATAAACAACTGGTAGGGAAAAGCCCGGCAACCTTACTGGAAGCCGCGGGAATACCGGTTCCGGCAAAAGCACCTCGATTACTGATAGGTATCGTCAAGGCTGACGACCCATGGGTTACCAGCGAGCAACTGATGCCAATGCTCCCCATCGTAACGGTGAGCGATTTTGACAGCGCGTTAACGTTGGCCCTGAAGGTTGAAGAGGGATTGCATCACACCGCCATTATGCATTCGCAAAATGTGTCACGTCTGAACCTTGCCGCGCGCACGCTTCAGACCTCCATTTTTGTGAAAAATGGCCCCTCTTATGCTGGGATTGGCGTTGGTGGTGAAGGCTTTACCACCTTCACCATTGCAACGCCGACCGGCGAAGGAACGACATCTGCGCGCACTTTCGCACGCTCTCGTCGTTGCGTGCTGACAAACGGTTTTTCTATTCGCTAA,1,546,NCBI,Citrobacter freundii,Citrobacter,Enterobacteriaceae,Enterobacterales,Pseudomonadota,Gammaproteobacteria,.,.,.,.,.,2,K13922
6,MQQEALGMVETKGLTAAIEAADAMVKSANVMLVGYEKIGSGLVTVIVRGDVGAVKAATDAGAAAARNVGEVKAVHVIPRPHTDVEKILPKGIS,QRZ63_RS08710,P0DUM6 ,BMC-H,21,Bacterial microcompartment shell protein PduA,ATGCAACAAGAAGCGTTAGGAATGGTAGAAACCAAAGGCTTAACTGCAGCCATAGAGGCCGCAGATGCAATGGTGAAGTCAGCCAATGTAATGCTGGTCGGCTACGAAAAAATTGGTTCGGGGCTGGTAACAGTTATTGTCCGCGGCGATGTCGGCGCAGTCAAAGCAGCAACAGATGCCGGTGCCGCCGCAGCCCGTAATGTGGGAGAAGTGAAAGCCGTACACGTTATCCCACGCCCGCATACCGATGTAGAAAAAATCTTACCGAAGGGAATTAGCTAA,1,546,NCBI,Citrobacter freundii,Citrobacter,Enterobacteriaceae,Enterobacterales,Pseudomonadota,Gammaproteobacteria,.,2,4P7T,4P7V,.,5,K27260
7,MSSNELVDQIMAQVIARVATPEQQAIPENNPPTRETAMAEKSCSLTEFVGTAIGDTVGLVIANVDSALLDAMKLEKRYRSIGILGARTGAGPHIMAADEAVKATNTEVVSIELPRDTKGGAGHGSLIILGGNDVSDVKRGIEVALKELDRTFGDVYANEAGHIEMQYTARASYALEKAFGAPIGRACGVIVGAPASVGVLMADTALKSANVEVVAYSSPAHGTSFSNEAILVISGDSGAVRQAVISAREIGKTVLGTLGSEPKNDRPSYI,unknown,B1VB63,BMC-T,22,Bacterial microcompartment protein homotrimer PduB,ATGAGCAGCAATGAGCTGGTTGATCAGATCATGGCGCAGGTGATTGCTCGCGTGGCAACGCCGGAACAGCAGGCTATCCCTGAAAATAATCCTCCAACACGAGAAACGGCTATGGCAGAGAAAAGCTGCAGTTTAACGGAGTTTGTCGGTACTGCGATTGGCGACACCGTCGGTCTGGTAATCGCCAACGTGGACAGCGCCCTACTGGACGCAATGAAACTTGAAAAACGGTATCGCTCCATTGGCATCCTTGGCGCGCGTACTGGTGCAGGCCCGCACATCATGGCCGCAGATGAAGCGGTAAAAGCCACCAATACTGAAGTCGTCAGTATTGAGTTGCCACGTGATACCAAAGGCGGCGCGGGTCACGGTTCGCTGATTATTCTCGGCGGCAACGATGTTTCCGACGTGAAACGCGGAATTGAGGTTGCGCTGAAAGAACTGGATCGCACCTTTGGCGATGTGTATGCCAACGAAGCCGGTCACATCGAGATGCAATACACCGCACGCGCCAGCTACGCGCTGGAAAAAGCCTTTGGTGCACCGATTGGCCGTGCCTGTGGCGTGATCGTCGGCGCGCCGGCATCCGTTGGTGTCCTGATGGCTGATACTGCGCTGAAATCCGCCAACGTGGAAGTTGTGGCCTACAGCTCCCCTGCCCATGGCACCAGCTTCAGTAACGAAGCCATTCTGGTCATTTCAGGCGATTCCGGCGCTGTGCGTCAGGCCGTTATCTCCGCCCGCGAAATCGGTAAAACCGTACTCGGGACCCTCGGCTCAGAACCGAAAAACGATCGTCCGTCCTACATCTGA,1,546,NCBI,Citrobacter freundii,Citrobacter,Enterobacteriaceae,Enterobacterales,Pseudomonadota,Gammaproteobacteria,.,.,.,.,.,6,K27263
